content,id
4652622906394251,健康发布截至月日时新型冠状病毒肺炎疫情最新情况月日时个省自治区直辖市和新疆生产建设兵团报告新增确诊病例例均为境外输入病例云南例福建例北京例天津例上海例广东例四川例无新增死亡病例无新增疑似病例当日新增治愈出院病例例解除医学观察的密切接触者人重症病例较前一日减少例境外输入现有确诊病例例其中重症病例例无现有疑似病例累计确诊病例例累计治愈出院病例例无死亡病例截至月日时据个省自治区直辖市和新疆生产建设兵团报告现有确诊病例例其中重症病例例累计治愈出院病例例累计死亡病例例累计报告确诊病例例无现有疑似病例累计追踪到密切接触者人尚在医学观察的密切接触者人个省自治区直辖市和新疆生产建设兵团报告新增无症状感染者例均为境外输入当日转为确诊病例例均为境外输入当日解除医学观察例境外输入例尚在医学观察的无症状感染者例境外输入例累计收到港澳台地区通报确诊病例例其中香港特别行政区例出院例死亡例澳门特别行政区例出院例台湾地区例出院例死亡例
4652759418409728,老年双人组周末的一天本来是打算出门吃个煲仔饭再去网吧放纵一下玩个一下午脑袋突然一闪光决定去吃久违的赛百味拍糊了刚好赛百味所在地的商圈就有网咖十分完美吃完依旧晕乎乎刚准备去网咖悲痛发现因为疫情网咖全关门了不死心地挪过去看看大门紧闭烈日当头爬进商场里坐下开始搜索可以进行的娱乐活动例如歌之类结果不是附近的关门了就是好玩的都在很远的地方最后的最后我们斥巨资去关闭的电影院门口享受了分钟的按摩椅全身唤醒套餐啊又是老年的一天
4652759401631271,英国英国疫情英国英国国家医疗服务体系表示到周日月日英国岁以下的成年人中有一半将接种第一剂疫苗在疫苗接种计划向多岁人群开放后的三周内超过万至岁的人群接种了疫苗表示超过五分之四的成年人现在已经接受了第一剂接种超过的人接种了第二剂
4652759398222871,游泳小时个来回因为疫情游泳馆闭馆了一年多我也一年多没有下水了就连泳帽的松紧都劈了游一个半程就要整理一次泳帽好担心游的过程中泳帽给飞了那真的是太丢脸了允悲允悲允悲柳州柳钢游泳馆
4652759351821060,我妈做饭水平忽高忽低但是唯独做豆芽炒猪红就非常好吃也很下饭我记得我以前放学回去只要有这个菜我可以干掉两碗米饭也许是想念那个下课回家就有热饭菜吃的时刻也许只是因为那道菜特别好吃今晚就吃它了即便是疫情也要好好吃饭呀有一种英雄主义是过来生活的每一天就从捣鼓每一餐开始最近新买了烤箱解锁了很多新菜谱欢迎四面八方的人儿来做客呀享受在厨房捣鼓的日子也很欣慰于无论我做什么好吃或不好吃我室友每次都能光盘
4652759330329315,张明同志带队督导检查高台县看守所近期安全管理工作月日上午市公安局党委委员副局长张明带领市局监管支队负责同志到高台县看守所督导检查建党周年安保维稳期间监所安全管理和疫情防控等工作县公安局党委委员副政委李文军陪同检查检查组查看了监所疫情防控工作台账业务台帐和应急处突预案等资料听取了县看守所负责人关于近期监所安全管理维稳安保疫情防控和值班勤务等相关工作汇报检查组对看守所落实疫情防控各项措施监所安全管理值班勤务运行和应急演练等方面的工作给予了充分肯定和高度评价同时结合建党周年安保维稳工作就监所安全管理工作提出了具体要求张明同志强调一要持续抓实抓好七一建党节期间安保维稳暨监所安全管理工作严格落实监管场所各项制度规定进一步优化勤务运行机制严格公正文明执法确保监所安全稳定二要持续抓实抓细监所疫情防控工作要严格执行监所疫情防控高于社会面防控标准的总要求严把收押关出入关隔离关消毒关食品采购关做好民辅警自身及家属的防疫工作确保监管场所疫情零感染三要持续抓实抓细在押人员管理教育工作落实在押人员日常行为规范一日生活制度和群进群出夜间双人值班面对面管理教育医疗卫生出所就医等各项规章制度强化被监管人员行为习惯养成确保监所安全稳定四要持续抓好队伍管理要认真汲取其他监所安全事故教训加强谈心谈话和警示教育进一步规范执法行为严格遵守各项纪律规定提高风险意识筑牢民辅警思想和纪律防线坚决杜绝违规违纪违法事件五要继续开展监所安全隐患大排查工作组织值班民辅警全方位开展各类隐患排查整治切实堵塞安全隐患漏洞确保监所的绝对安全甘肃公安甘肃公安张掖公安张掖公安
4652742854840779,德尔塔变异毒株已进入台湾社区台疫情指挥中心除了公布日新增例本土新冠肺炎病例人死亡外指挥官陈时中指出屏东县出现了变异毒株群聚感染事件目前累计例经基因定序後均为德尔塔变异毒株感染为避免疫情扩大须采取相关应变措施陈时中表示德尔塔变异毒株已经进入社区所以需要精准疫调扩大划定接触者及采检范围接触者须隔离接受检疫观察央视网快看的微博视频
4652759176185578,中山记录中山身边事中山扩散周知中山这个客运站暂停营业近期有出行计划的街坊注意月日益华客运站发布通告月日起暂停营业公告称因新冠疫情防控需要积极配合落实非必要不离开中山不出省的抗疫号召经研究后决定益华客运站于年月日至月日期间暂停营业月日恢复正常营业中山
4652719581954967,越南外卖小哥街头演唱的两首歌和其实不想走的越南翻唱版本在越南地位相当于美团在这边地位可以看看在这次疫情二次爆发前越南南方城市的夜生活鱼翅捞饭和蒜的微博视频
4652759121397998,国外疫情有重新抬头的趋势可能性
4652750689799809,官网更新金圣圭相关公告一则你好是当事所属艺人金圣圭君疫情确诊了金圣圭君因行程关联是每周有定期的检测核酸的情况日虽接种杨森疫苗但是日今天早上得到了确诊因此金圣圭君的所有行程将会中断根据当国防疫守则会进行必要的措施和一定的安定现在和金圣圭君动线有冲突或者接触过的关联工作人员和职员也都做完了核酸检测结果出来之后即会进行自我隔离我们会最优先考虑艺人和职员们的安全今后会更加严谨的遵守疫情守则和今后的防疫管理并且为了金圣圭君的快愈和复出我们会竭尽全力再次向担忧的人们传递歉意的心谢谢翻译转载请注明吧
4652742854840779,德尔塔变异毒株已进入台湾社区台疫情指挥中心除了公布日新增例本土新冠肺炎病例人死亡外指挥官陈时中指出屏东县出现了变异毒株群聚感染事件目前累计例经基因定序後均为德尔塔变异毒株感染为避免疫情扩大须采取相关应变措施陈时中表示德尔塔变异毒株已经进入社区所以需要精准疫调扩大划定接触者及采检范围接触者须隔离接受检疫观察央视网快看的微博视频
4652759176185578,中山记录中山身边事中山扩散周知中山这个客运站暂停营业近期有出行计划的街坊注意月日益华客运站发布通告月日起暂停营业公告称因新冠疫情防控需要积极配合落实非必要不离开中山不出省的抗疫号召经研究后决定益华客运站于年月日至月日期间暂停营业月日恢复正常营业中山
4652719581954967,越南外卖小哥街头演唱的两首歌和其实不想走的越南翻唱版本在越南地位相当于美团在这边地位可以看看在这次疫情二次爆发前越南南方城市的夜生活鱼翅捞饭和蒜的微博视频
4652759121397998,国外疫情有重新抬头的趋势可能性
4652661518895854,今天生日一早隔离点解除隔离人员名算个好消息吧生日愿望是疫情能早日结束加油不瞒了王医生在隔离点快憋坏了笑笑深圳大梅沙魔术医生王建伟的微博视频
4652751211200761,新冠患者会出现沉默性低氧安静时不缺氧稍稍一动就喘不上气南方日报南方广州这一轮本土疫情中无症状感染者比例不高您如何看北京协和医院重症医学科主任隆云有时候无症状更多是病人自身感受新冠患者在先前的临床观察中往往会出现沉默性低氧也就是说安静待着的时候不缺氧而稍稍一动就会喘不上气影像往往会出现渗出改变之前的很多所谓无症状感染者从医学上角度来说是不严谨的当然不排除少数人是无症状感染但多数还是有症状病人有感冒表现比如头痛流涕畏寒低热等从临床上说符合轻症或普通型诊断首次与德尔塔变异毒株交手顶级中西医专家找到了这些新规律和方法广州疫情广东疫情
4652758844312405,疫情时间的单向就座真是太太太适合我了十块钱的照烧鸡扒饭性价比没谁了还是要多多记录下我的研究生生活广州华南师范大学石牌校区
4652758798434931,第四轮核酸来了第五轮还会远吗笑医务人员和义工们都太不容易了愿疫情早日过去生活早日恢复正常
4652758756756638,给一组数据帝都月绿成交量年套年套年套有疫情影响年约套年月分别比年同期增
4652758697773889,银河证券全球锂资源确定性紧缺预计锂精矿价格将持续上涨银河证券研报指出政策驱动叠加疫情后消费回暖全球新能源汽车高速增长强力拉动锂需求预计年全球锂需求同比增长万吨至万吨而同期可释放的有效新增产量万吨锂资源年供需边际趋紧叠加下半年动力电池与正极材料在进入旺季与新产能释放排产预期环比大幅提升的情况下预计锂精矿价格将持续上涨北京新悦家园
4652746227056866,今日隔壁全球疫情已经更新印度毒株新变种已有两个分支一个全球肆虐另一个暂时只在美国这玩意就是在广东秒传人那个广州出现最短秒传播病例巴西总统基本疯了不但自己摘口罩叫嚣甚至公众活动摘了个支持他的小男孩的口罩拉美欧洲非洲亚洲正在逐渐被印度毒株全面接管英国反弹到单日新增万确诊基本都是印度毒株印尼飙到单日万确诊还是印度毒株他们还有其他所有变种毒株南非飙到单日万确诊其中都是印度毒株这可是毒株南非毒株的大本营啊也就拉美还是巴西毒株多点但哥伦比亚都飙到日均万确诊的水平了日本人继续浪费疫苗并鞠躬日本疫苗接种出现近起失误这个话题很实用鞠躬是本子永恒的旋律比如又把大麦茶放进冷柜直接报废全部疫苗澳洲隔离酒店又坑了这一期非洲的消息多了一些还有比较少提到的中亚地区全球新冠疫情杂谈印度毒株接管全球疫情
4652758617298165,因为疫情所以这次深圳客人可以来上海复诊这对江西的姐妹花大家应该不陌生姐妹俩都是二次矫正姐姐属于整齐龅牙妹妹是严重深覆合妹妹比姐姐晚一年戴牙套周医生的目标就是把不一样的双胞胎变成一样你们猜得出谁是姐姐谁是妹妹吗思考如何看待形式公平和事实公平安心变美狂欢季上海上海美行口腔门诊部鉴星牙齿矫正南京西路店
4652758608645878,和我的两个妹妹在宿舍楼梯的合照抱一抱抱一抱本来等着在级的时候跟另一位妹妹一起拍这样就都齐啦可是计划不如变化呜呜呜因为疫情我们无法回广州再见下次一定要回去再拍哦
4652758496710204,伦敦爆发大规模反封锁抗议英首相约翰逊决定将英国的开放时间推迟到下个月晚些时候引发不满如此抗击疫情如何落实到位啊自由如此应用德尔塔有人的思维的话估计会让德尔塔都惊呆了
4652758471545251,出入境人员逃避检疫六类行为以妨害国境卫生检疫罪定罪处罚包括不如实填报健康申明卡等方式隐瞒疫情豪宅最的微博视频
4652758336278827,印度德尔塔变异毒株感染病例增至例目前德尔塔变异毒株正在印度不断蔓延印度疾控中心数据显示截至日印度已经确诊了例感染德尔塔变异毒株的病例德尔塔毒株是从德尔塔毒株变异而来的多了一个能引起免疫逃逸的代号的突变其传播能力比德尔塔毒株还要强德尔塔变异毒株致多国疫情反弹央视网央视网央视网的微博视频
4652758324479665,鲜花广州又多一打卡点像蓄势待发的疫苗大针弓箭一样杀气大传说是风水局一开通疫情瞬间清零偷笑偷笑偷笑
4652758278342140,那坡县今天晚上到明天白天多云转阵雨到摄氏度东南风到级发热咳嗽的人要及时报告马上就医发现外来人员要及时报告防止疫情传入那坡那坡县气象台日时供网页链接
4652735423057222,疫情快让我得强迫症了总感觉最安全的还是宅家开放堂食了也不敢坐公车和出门笑笑不直接摸电梯和其他公共按钮稍微摸一下都得洗手或者酒精棉片和免洗洗手液笑有跟我一样的吗笑不出门所幸家里可以让我玩的东西还真是多又把书衣拿出来套上了新的本子认真看了看这个以前买的数字书衣因为白色我一直怕弄脏没怎么用但竟然是日制的之前根本没注意哈哈小的活动获得了两个可爱的小模型呀呀也太可爱了按钮还能滑动不错嘛没有抽到红色虽然有点遗憾手帐给你看看我的手帐吧
4652757531230576,这就是在台湾万华街头猝死的外籍男子在其死亡后检测发现新冠肺炎确诊这名外籍男子是欧洲人士来台居住已经年不是近日入境的外籍人士无心简影的微博视频
4652758097723874,天天响应天天核酸结果时间次次拖延不准每个核酸点要不就直接原定时间拖一个小时说是点结果点半了说是吃饭去了我们有的点就到了等到现在你们定好的时间又去吃饭了我们群众时间就是无关紧要理解但不是就能忍这么多次糊弄有点时间观念吧我们都重视疫情感谢检疫人员但这不是可以忍多次的理由大白天热度多少动不动还下雨大家都同样辛苦深圳卫健委深圳卫健委
4652728092198800,刀哥坐标武汉两套住房一套自住一套出租无贷款因为疫情影响房价降了孩子三四年后出国读书是应该等那时再卖还是现在出手持币投资出租房在武汉三环外房龄超十年增值空间较小我回答了约定秀约定秀的问题大家快来围观微博问答
4652757712112238,绮然自乐闺蜜开心聚会缺了几个周末相聚更加珍惜图三的小马蹄好可爱啵一起庆祝疫情将要结束干杯干杯干杯
4652752322694467,疫情过去以后还是要想办法搞一次西伯利亚大铁路的横穿旅行乘现在自己还年轻
4652750979207782,罗马的金宫在疫情后首次重新向公众开放伴随着一场沉浸式展览这场展览原本应该在年举办作为拉斐尔逝世周年纪念但因为疫情推迟到今年当时在发现金宫的古代壁画过程中拉斐尔做过很大贡献展览起名为拉斐尔和金宫穴怪图像的发现在尼禄的八角厅开幕当年通过八角厅的圆顶拉斐尔和其他艺术家用绳索降落到这座巨大的遗址内发现了久违的华丽画作植物动物人物形态交织在一起这种风格后来被称为穴怪图像这些画作在年首次曝光后来穴怪图像被许多贵族用来装饰房屋比如佛罗伦萨的乌菲兹和旧宫展览时间年月日年月日周一周四有陪同周五周日有讲解员周末的参观比平日的内容多票价周一周四欧周五周日欧地点入口公园内图意大利旅行罗马旅行
4652757577632470,澳大利亚疫情今天第二魔幻新州爆发疫情日澳洲总理魔力僧说全澳只有一个州有着世界最好的黄金标准追踪系统可以不靠封城就对付病毒话音刚落新州格格巫州长就对四个颁布了令坚决不说日新州一天开两次新闻会说我们要两周允悲
4652757451015325,民进党刁难民间买疫苗孙大千怒这是台湾人的悲哀台湾疫情台湾新冠肺炎疫情严峻急需疫苗来舒缓疫情但目前政府采购疫苗数量却少之又少只能靠捐赠的疫苗来苦苦支撑鸿海慈济台积电等民间企业从上个月开始就陆续出现主动要采买疫苗提供民众施打的声音但如同石沉大海没收到正面的回应直到近日才陆续谈妥购买的相关事宜
4652757207744600,出入境人员逃避检疫市公安局通报典型案件男子隐瞒出入境行程违反管控规定被行拘战胜疫情行动豪宅最的微博视频
4652713586987398,好辣泰国人在韩国团天天买中国热搜还是中国的钱最好赚吧之前爱奇艺的节目就很无语子请她过来当导师疫情期间还要远程连线又不会说中文全程尬聊中国的唱跳女艺人平台就是不给机会
4652757577632470,澳大利亚疫情今天第二魔幻新州爆发疫情日澳洲总理魔力僧说全澳只有一个州有着世界最好的黄金标准追踪系统可以不靠封城就对付病毒话音刚落新州格格巫州长就对四个颁布了令坚决不说日新州一天开两次新闻会说我们要两周允悲
4652607764696162,年月日重庆市新冠肺炎疫情情况一本地疫情月日时重庆市本地无新增新冠肺炎确诊病例报告截至月日时重庆市本地无在院确诊病例累计治愈出院病例例累计死亡病例例累计报告确诊病例例二境外输入疫情月日时重庆市无新增境外输入新冠肺炎确诊病例报告截至月日时重庆市现有境外输入在院确诊病例例为尼泊尔输入累计治愈出院病例例累计报告境外输入确诊病例例三无症状感染者月日时重庆市无新增无症状感染者报告截至月日时尚有无症状感染者例均为境外输入其中尼泊尔例菲律宾例正在接受医学观察四密切接触者截至月日时累计追踪到密切接触者人已解除医学观察人尚有人正在接受医学观察
4652757451015325,民进党刁难民间买疫苗孙大千怒这是台湾人的悲哀台湾疫情台湾新冠肺炎疫情严峻急需疫苗来舒缓疫情但目前政府采购疫苗数量却少之又少只能靠捐赠的疫苗来苦苦支撑鸿海慈济台积电等民间企业从上个月开始就陆续出现主动要采买疫苗提供民众施打的声音但如同石沉大海没收到正面的回应直到近日才陆续谈妥购买的相关事宜
4652757308671770,在抖音刷到泰剧马兜铃太上头了结果因为疫情就拍了集赶紧出续集也太帅了泰剧
4652701951984907,年上半年线下总结自从疫情我就再也没跑出去过没想到年这上半年我竟然跑了这么多个地方见了这么多人很久都没有这么丰富多彩的生活了除了北京之外还有天津武汉郑州石家庄平遥从到上半年就这么过去啦希望下半年能有更多快乐抱一抱
4652757207744600,出入境人员逃避检疫市公安局通报典型案件男子隐瞒出入境行程违反管控规定被行拘战胜疫情行动豪宅最的微博视频
4652721338318975,刚刚当值主任和人事主管请示原计划月入职的两位医生可否正常入职疫情应该问题不大了正常入职吧来莲之花应聘初审过参加面试的医生我们会报单程经济仓机票或高铁二等票和广州五星酒店住宿费入职时也可以报机票或高铁票另给百元的临时住宿补贴广州珠江新城
4652757128577320,注意月日起百色市新冠病毒疫苗接种将全面转向第一剂次为主百色市新冠肺炎疫情防控指挥部办公室发布最新通告根据自治区的统一部署安排月日日是新冠病毒疫苗第剂次大规模集中接种的最后一次重要节点月日起我市将陆续转向第剂次接种月日起將全面转向以第剂次接种为主请已接种新冠病毒疫苗第剂次未接种第剂次的市民朋友按当地疫情防控指挥部通知及时携带本人身份证原件和首针接种凭证前往各接种点有序排队完成第剂次疫苗接种
4652756981515684,封城第二天疫情悉尼澳大利亚悉尼
4652721338318975,刚刚当值主任和人事主管请示原计划月入职的两位医生可否正常入职疫情应该问题不大了正常入职吧来莲之花应聘初审过参加面试的医生我们会报单程经济仓机票或高铁二等票和广州五星酒店住宿费入职时也可以报机票或高铁票另给百元的临时住宿补贴广州珠江新城
4652757128577320,注意月日起百色市新冠病毒疫苗接种将全面转向第一剂次为主百色市新冠肺炎疫情防控指挥部办公室发布最新通告根据自治区的统一部署安排月日日是新冠病毒疫苗第剂次大规模集中接种的最后一次重要节点月日起我市将陆续转向第剂次接种月日起將全面转向以第剂次接种为主请已接种新冠病毒疫苗第剂次未接种第剂次的市民朋友按当地疫情防控指挥部通知及时携带本人身份证原件和首针接种凭证前往各接种点有序排队完成第剂次疫苗接种
4652756981515684,封城第二天疫情悉尼澳大利亚悉尼
4652667370996594,东莞麻涌解封为统筹做好疫情防控和经济社会发展精准科学实施疫情防控结合我市疫情形势和防控工作进展经评估现就调整我市封闭封控管理区域及相关防控措施通告如下一调整区域一对东莞市新型冠状病毒肺炎疫情防控指挥部办公室关于进一步加强疫情防控工作的通告第号中个执行封闭管理的重点区域进行解封二对麻涌镇执行封控管理的住宅小区进行解封二相关防控措施一公共场所上述封闭封控场所解封前须进行一次彻底清洗消毒解封后公共场所入场人数原则上不得超过核定人数的健全进场分时段预约制度引导错峰预约进场灵活采取限流措施严格控制进场人员数量落实进场体温监测和健康码查验等防控措施麻涌镇餐饮场所有序恢复堂食按核定人数的实行限流每桌不超过人就餐每桌登记至少一名就餐客人的姓名和联系方式不安排非同行顾客同桌就餐二住宅小区所有住宅小区解封后执行天的严控管理措施设置卡口实行小时值守严格落实测温扫码佩戴口罩等防控措施禁止非必要人员及车辆进出小区保持执行三人小组健康监测和常态化防控措施居民自我健康监测每日测量体温出现发热咳嗽等症状及时报告三人小组住户实行住家单位两点一线尽量不乘坐公共交通工具小区加强环境卫生清除卫生死角加强对公共卫生间社区活动场所户外活动设施等公共部位以及垃圾站点的消毒以上防控措施依据疫情风险评估结果动态调整本通告自发布之日起施行东莞市新型冠状病毒肺炎疫情防控指挥部办公室年月日最新东莞这些封闭封控管理区域解封东莞疫情东莞发布解封通告
4652756897893800,去日本的时候在神社求了一对爱情御守我一直把它和另外两个御守都放在书包的最里层的地方从未拿出来过后来从泰国辗转回了澳洲我清楚的记得确认过三个御守是不是都还在再后来澳洲疫情爆发回国以后我打开里层爱情御守消失了另外两个御守依旧还在我一直对这些事情抱着半信半疑的态度但是这件事的发生让我对这类事产生了更多的敬畏原来这个世界上是真的有神灵的存在啊
4652664187520602,了不起的运动博主泵发力老迈最不喜欢逛街好难得和他开开心心的逛了一下午商场好多人完全回到疫情前了虽然有道菜各点了份但还是没有吃饱回家再吃点备餐允悲允悲另外周六开始的时候见图结束的时候是图差距有点大笑笑论人靠衣装的重要性允悲允悲美国圣迭戈
4652756864600359,晒娃狂魔如今在互联网上分享孩子的照片记录孩子的成长的每一个重要时刻已经成了一件很普遍的事情但是根据互联网观察基金会的报告显示网络上虐待儿童图像的数量在疫情期间增加了照片化的数据被滥用甚至被不怀好意地使用不仅侵犯了孩子的隐私权还对孩子的身心安全造成危害因此家长在晒娃前不妨多想想其安全隐患下面这篇文章将带我们了解更多在海外网上晒娃的危险晒娃需谨慎不要让孩子暴露在危险中
4652748500897913,亞神小助手楊乃文繆斯演唱會確定延期公告因受台灣地區疫情影響為了歌迷朋友及全體人員的健康楊乃文繆斯演唱會確定延期在這個時期許多計畫被迫停擺大多數的我們能做的就是好好保護自己乖乖待在家由於前線人員的努力世界的齒輪才能持續轉動時間雖然不會停下但等待不會白費一起靜候平安到來再一次推開世界的門演唱會延期日期售票資訊待疫情明朗後將會公布請大家持續關注我們烏雲總會散去陽光終會灑落在親臨繆斯殿堂的那天到來前一起努力做好防疫讓音樂伴你度過楊乃文演唱會繆斯
4652756755026147,本大姐的作用就是妹妹一号今年死活想去英国读书但我妈觉得疫情太严重了我妹就让我去跟我妈说妹妹二号号要去广州艺考集训了她不想要等号期末考试完直接去所以想要不参加期末考试但是我妈不太同意又派我去跟我妈说我你们总是坏事就让我去做还对我不好我妹没有呀我专门从学校小卖部给你买的是小卖部最好吃的三无产品了
4652482477166023,英特爾晶片短缺今年下半觸底反彈針對新冠疫情引爆的汽車及消費電子晶片荒美國半導體龍頭英特爾執行長季辛格預言晶片缺貨問題會在今年下半觸底反彈獲得改善但年之前仍難回復到健康的供需狀態疫情迫使大眾遠端工作居家防疫也讓全球的電子產品需求火熱大部分活動移往線上或數位化加劇半導體產業的供給壓力追不上日益火爆的需求季辛格指出為了防疫實施封鎖全球大多數人口工作方式隨之改變加速數位轉型因而進一步強化半導體業應付大量訂單的能力季辛格接受美媒專訪時雖表示全球晶片荒問題可望在今年下半達到高峰後緩解但我預期要到年晶片產業才能回復到健康的供需水準我認為各行各業皆如此在變好之前只會每況愈下不過季辛格仍看好半導體業的長遠前景他預測晶片業會長期處於成長未來年手機電動車人工智慧等都大量應用晶片之下晶片需求勢必搶搶滾英特爾作為世界最大晶片製造商在確保全球數據中心和企業網路運作順利上扮演極為重要的角色季辛格表示相較其他將生產外包的公司英特爾旗下的工廠具備跟得上訂單需求的優勢但其他電腦零件還是有供不應求的麻煩季辛格對半導體產業前景相對樂觀然其他同業仍有不同的聲音有的業界主管認為當前的晶片需求熱不單純是短暫的供給吃緊可能最終會導致該產業陷入另一段周期性低潮另一派則呼應季辛格等人的看法看好晶片產業仍可維持每年以上的成長博通執行長陳福陽則說目前供給吃緊並未讓晶片業展翅高飛博通最近一季營收雖增長但晶片業基本上是成熟產業成長勢將放緩
4652756444910826,广州荔湾中小学明起恢复线下教学广州荔湾区北片恢复堂食按照广州市关于调整风险等级的有关通告荔湾区全域为低风险地区根据上级疫情防控工作要求结合当前疫情防控工作形势现通告如下荔湾区中小学幼儿园于年月日起恢复线下教学各学校要严格做好师生健康监测进校前实行扫码测温手消毒加强食堂课室宿舍等重点场所通风消毒全方位强化校园及周边环境整治加强食品安全和校园安全管理严控校内聚集性活动不举办跨区域跨校跨班级活动广州市荔湾区新型冠状病毒肺炎疫情防控指挥部年月日星星广州荔湾北片恢复堂食为进一步精准科学实施疫情防控有序恢复餐饮经营活动保障人民群众生产生活根据我区疫情防控形势现就恢复餐饮服务单位经营活动的相关事项通告如下一荔湾区北片区域包括金花街西村街南源街逢源街多宝街龙津街昌华街岭南街华林街沙面街站前街彩虹街桥中街等条街道的社会餐饮服务单位恢复堂食服务涉疫重点场所严格按照规范评估合格后方可复业二餐饮场所实行扫码测温戴口罩进场在未生成本场所专属通行健康码前餐饮服务单位要登记进场人员姓名电话号码等信息对于没有使用智能通讯设备的人员可由亲属或所在居村民委员会物业服务企业等代为申报生成本人健康码并打印随身携带在进入餐饮场所时供扫码查验三餐饮服务单位应提供公筷公勺控制餐饮场所就餐人数拉开桌位间距确保就餐者就座后间距在米以上每桌不超过人就餐者坐下正式开始饮食才脱口罩饮食完成或离开座位应立即佩戴口罩四餐饮服务单位要落实从业人员健康管理制度做好员工健康监测从业人员必须接种新冠疫苗才能上岗员工上岗期间必须佩戴口罩严禁有发热咳嗽等呼吸道感染症状的员工上岗从业人员开业当日需持有小时内核酸检测阴性证明五餐饮服务单位严格落实各项疫情防控措施每天对经营场所进行彻底消毒保持经营场所空气流通卫生间保持通风干爽不能自然通风的采用排气扇等机械通风装置以上管控措施依据疫情风险评估结果动态调整本通告自发布之日起施行广州市荔湾区新型冠状病毒肺炎疫情防控指挥部年月日广州疫情广东疫情广州荔湾北片区域恢复堂食中小学幼儿园明起恢复线下教学
4652754398085570,薛之谦笑死了线下应援去年个今年个生日应援礼包请问你把前花哪了你要说生日礼包是放在线下应援的那我认了请你后面出明细别吞今年个城市你搞笑嘛还是觉得今年疫情怕我们扎堆影响不好那太感谢了我要的是他生日被路人知道薛是一线歌手给你弄的排面全无请问是今年入会的人不够多嘛还有新歌上线宣传不到位也不预热连都不给占着的名字不干该干的事情能不能举行换届啊让真正爱他的人来好嘛薛之谦全球后援会薛之谦全球后援会别装瞎给谦友一个回应笑哈哈
4652689151495190,蘸盐蘸盐想开点十四亿人一百万人里出一个奇葩那还有一千四百个呢允悲包括疫情爆发以来武汉广州还有其他地方一些封闭隔离的基层社区的管理服务水平也是如此要接受十四亿人不是人人尽舜尧的事实允悲
4652453696116195,台湾首现德尔塔变异毒株据台湾中时新闻网中央社等台媒报道台湾疫情尚未平息德尔塔新冠肺炎变异毒株已进入社区台防疫指挥中心今日日称有关屏东德尔塔毒株群聚及相关感染事件目前累计人确诊其中例经基因定序均为德尔塔变异毒株防疫指挥官陈时中称这次群聚疫情是该病毒株初次进入社区陈时中日公布日前一对从秘鲁返台的祖孙确诊新冠肺炎经过基因定序为德尔塔变异病毒株为防堵该病毒株台湾地区自日起将全面提升入境人员检疫措施环球网环球网
4652756185648936,东京奥运首现德尔塔毒株病例一种叫做德尔塔的新冠肺炎变异毒株拉响了全球疫情的新警今日热门一些奇怪视频的微博视频
4652756050645719,一季度前强美国第澳大利亚第俄罗斯第荷兰第由于新冠疫情的影响年第一季度全球前强榜单出现了较大程度的变化网页链接
4652755807897061,欧洲杯跑步吃构成了疫情下的生活深圳香蜜公园
4652755748653203,日本为何迟迟未研发出新冠疫苗疫情是全世界共同面对的难题日本没研究出来这也没什么值得幸灾乐祸的只能说日本政府核心价值观取向一直有问题不以人民疾苦生命为第一施政方针重经济轻民生疫情没有控制下仍然要坚持举行奥运现在还在忙着筹备奥运赛事前段时间日本不顾国际社会强烈反对明知道核污水排放会对全球海洋环境造成严重污染而出于经济考虑仍执着向太平洋倾倒万吨核心废水日本政府的自私自利存心不良使其在美国的首肯下在干坏事的道路上越走越远想必日本人民对这样的政府也是伤透了心替日本人民感到悲哀耿爽敦促日本撤销福岛核污染水排海
4652718176865155,德尔塔毒株持续传播多国疫情出现反弹网页链接来自同花顺同花顺
4652669404449145,东莞发布解封通告同事发来消息百悦尚城解封了这是一个很鼓舞人心的消息说明官方对疫情防控的走向看好从上周五紧急动员到这周日解封期间核酸检测停课不停学东莞这个城市的动员能力不容小觑所谓现代化城市所谓新一线城市东莞你名副其实我骄傲我是东莞人东莞东莞市波利亚外国语学校
4652755592939579,师生线上搬砖上亿块造了所大学毕业生能随时回家广东广州高校老师带领位学生耗时一周线上搭建上亿块砖头真实还原出学校多个特色建筑为毕业生举办了一场云毕业典礼让因疫情不能全部返校的大四同学们模拟回家体验大米大米大米的微博视频
4652755576686541,前段时间去了趟医院医生给我开了点药瞅了瞅药厂是东阳光之前翻线的时候见到过股上市公司有打开看了一下跌的猴惨猴惨的尤其是疫情之后搜了搜他这么跌有很多利空因素其中有一条原来是新冠疫情之后因为各个戴口罩啊注意卫生结果流感没了东阳光本来卖流感药很赚这下这个业务凉犊子了对业绩影响还是不小的
4652755538413419,快去打第二针郑州疾控发布提醒月日以后将不再集中接种第二剂次疫苗郑州市疾控中心发布提醒满足新冠疫苗第二剂次接种条件的市民请于月日前完成接种月日后接种重点将转向未接种第一剂次的人群全球疫情仍处于高位流行近期广东省已出现传染性强传播速度快的印度德尔塔变异毒株试验表明我国新冠病毒疫苗可应对德尔塔病毒变种特别是对中重症的保护率达到近按照疫苗接种计划安排月份我市针对新冠疫苗第二剂次集中接种工作已进入倒计时距离月日结束仅剩天时间请广大市民互相转告目前我市疫苗供应充足接种门诊普遍延长服务时间现在第二剂次接种基本不用排队等待为了您和家人的健康同时也避免和月份第一剂次接种人群产生交叉请接种新冠病毒灭活疫苗北京科兴北京生物武汉生物第一剂次满天和重组亚单位新冠病毒疫苗安徽智飞第一剂次满天的市民朋友尽可能在月日前完成第二剂次的接种据了解目前省外多地已发布通告在查验健康码的同时查验新冠疫苗接种标识已接种疫苗人员可以自由流动未接种人员健康码则显示为灰色为了实现新冠病毒疫苗接种的全程信息互联互通请满足新冠疫苗第二剂次接种条件的市民尽早接种只有完成相应的接种程序才能起到最佳的免疫效果
4652755475499077,号在天猫超市买的东西到现在还没发货好不容易找到猫超客服客服只是机械的回复一句受疫情影响问哪个仓库受到影响也是一问三不知然而我从其他平台买的十几个包裹都收到了而且广州也没有中高风险地区了阿里客服阿里客服
4652748546510554,东莞流调还原德尔塔变异株传播过程东莞确诊学生未戴口罩经过病例餐桌据东莞疫情流调月日晚时分许病例李某某日确诊和丈夫带着家人在一楼点餐完后来到二楼用餐几乎就是前后脚广州新华学院东莞校区贾某某井某分别于日日确诊也进入了麦当劳餐厅内的多个视频监控还原了两张年轻的脸和李某某一家的交集李某某一家在二楼坐下后贾某某井某随后也上楼了两人没有戴口罩但近距离经过李某某的餐桌期间李某某未佩戴口罩正在与家人交谈与李某某一起生活的孩子婆婆次核酸检测结果全阴谁又能想到擦身而过的那一瞬间贾某某井某会被感染呢这就是毒株的诡异之处东莞疫情防控现场工作组总调度黄振宇说近期发生在广州深圳以及东莞的变异株本土疫情是我国第一次与变异株的正面交锋目前我们对变异株还有很多方面不清楚还无法判断为什么会这样东莞疫情防控现场工作组组长张泽武说广州日报新花城记者汪万里网页链接
4652755458983255,日本疫情东京都今天例已经连续天高于上周
4652755437754025,为何接种疫苗如此重要听听钟南山院士怎么说最新据新华社中国工程院院士钟南山日在接受记者采访时表示广州疫情是我国首次应对最早在印度发现的新冠变异毒株德尔塔带来的社区传播目前已经取得了阶段性成绩但其它地区也需要提前做好防范从这次疫情看德尔塔毒株具有传染性强等特点建立免疫屏障迫在眉睫上海发布的微博视频
4652755296190754,汉考克宣布辞任英国卫生大臣的视频来了他说英国疫情已非常接近终点他为国家感到骄傲他已经交了辞职信为违反防疫规定道歉英伦投资客的微博视频
4652748820187206,国君策略指出风险评价下行与新力量无风险利率下降共同驱动下拉升行情未完待续现在做多完全来得及风格方面券商和科技成长仍是市场拉升主力行业配置重点推荐首推券商银行科技成长起点新能源车电子计算机军工医药后疫情时代复苏加速国货消费新兴消费高端消费碳中和下周期新机遇煤炭建材钢铁成本受制预期边际缓和下中游制造超跌反攻家电汽车
4652755165384927,一直特别想出去玩如果不是疫情今年肯定解锁第二个国外旅游了大概在周三图突然加了陌生人微信因为某些原因去了杭州当然去之前室友说你就是换个地方睡觉本以为想象的旅游是经历的却是但是也不影响必行的收货现在突然有个想法周末只要不是躺在家里只要能出门就是个充实的周末哈哈哈躺平了三年的周末现在就想出去玩大概翅膀痒了想飞不一样的体验挺棒的接下来就是去长沙和抽空远距离玩了青春自有光芒
4652755296190754,汉考克宣布辞任英国卫生大臣的视频来了他说英国疫情已非常接近终点他为国家感到骄傲他已经交了辞职信为违反防疫规定道歉英伦投资客的微博视频
4652755286754228,刘嘉玲镜头下的梁朝伟虽然但是不是镜头下的吧这疫情害的什么时候两地分居是个头啊
4652748820187206,国君策略指出风险评价下行与新力量无风险利率下降共同驱动下拉升行情未完待续现在做多完全来得及风格方面券商和科技成长仍是市场拉升主力行业配置重点推荐首推券商银行科技成长起点新能源车电子计算机军工医药后疫情时代复苏加速国货消费新兴消费高端消费碳中和下周期新机遇煤炭建材钢铁成本受制预期边际缓和下中游制造超跌反攻家电汽车
4652755165384927,一直特别想出去玩如果不是疫情今年肯定解锁第二个国外旅游了大概在周三图突然加了陌生人微信因为某些原因去了杭州当然去之前室友说你就是换个地方睡觉本以为想象的旅游是经历的却是但是也不影响必行的收货现在突然有个想法周末只要不是躺在家里只要
4652755099061319,英特尔称芯片荒下半年最糟糕英特尔称芯片荒最糟糕的是下半年据报道英特尔在最新采访中预测芯片荒最糟糕的时候在今年下半年随后情况将逐步好转虽然看好芯片业反弹但他认为要到年芯片业才能真正恢复到疫情前健康的供需关系英特尔芯片荒最糟糕的时候在下半年
4652755031951278,说一说阿联酋的新冠疫情年月日阿联酋每百人新冠疫苗接种率达到约剂日均新增确诊降至人左右年月日阿联酋每百人疫苗接种量达剂左右比两个月前增长了但当日新增确诊例年月日阿联酋暂停了与印度等国的航班收紧疫情防控那么疫苗越打越多监管越来越严为什么阿联酋的新增确诊一直降不下去
4652754906121401,东莞流调还原德尔塔变异株传播过程东莞确诊学生未戴口罩经过病例餐桌据东莞疫情流调月日晚时分许病例李某某日确诊和丈夫带着家人在一楼点餐完后来到二楼用餐几乎就是前后脚广州新华学院东莞校区贾某某井某分别于日日确诊也进入了麦当劳餐厅内的多个视频监控还原了两张年轻的脸和李某某一家的交集李某某一家在二楼坐下后贾某某井某随后也上楼了两人没有戴口罩但近距离经过李某某的餐桌期间李某某未佩戴口罩正在与家人交谈与李某某一起生活的孩子婆婆次核酸检测结果全阴谁又能想到擦身而过的那一瞬间贾某某井某会被感染呢这就是毒株的诡异之处东莞疫情防控现场工作组总调度黄振宇说近期发生在广州深圳以及东莞的变异株本土疫情是我国第一次与变异株的正面交锋目前我们对变异株还有很多方面不清楚还无法判断为什么会这样东莞疫情防控现场工作组组长张泽武说广州日报
4652750405897962,广州例新冠肺炎患者出院重症危重症病例下降到例月日到月日此次广州疫情共收治本土新冠肺炎确诊患者人包括广州佛山湛江病例记者从国务院联防联控机制综合组广东工作组医疗救治组专家处了解到截止到日已经有例新冠肺炎患者出院重症危重症病例下降到例广州例新冠肺炎患者出院重症危重症病例下降到例
4652754527848275,法国疫情好转漆园隐吏在巴黎开始有跑步赛事了今天早上跑到马恩河畔一个小城组织的长跑赛事跑了公里好久没有参加赛事后面公里累死了
4652754481714481,小强快评一个月内连遇三场境外输入疫情连打三场阻击战广东可谓是步步惊心硬是打出了一场反守为攻精准消灭的亮剑之战本地新闻广东广东疫情广东新闻联播的微博视频
4652754448680531,大熊湖的春天大熊湖的春天大熊湖的冬天大熊湖的冬天近日美国博士学位调查发布了年博士学生统计数据这个报告是一年发布一次去年由于疫情所以年的报告延迟了一年发布年美国大学授予的博士学位数量从年的个增加到个增长了这个数据是单纯的数量不包括等其他博士年共名来自中国大陆及香港地区的学生获得博士学位这其中在领域的有人非领域博士学位人数只有根据报告显示数学和计算机科学领域的博士后平均薪资为美元入职商业公司后平均薪水为美元入职学术界的工资只有美元工程学领域的博士生入职博士后的平均薪水为美元入职学术界工作平均薪资为美元入职商业公司后平均薪资为美元届毕业生中国籍博士学位获得者留美工作的占而在年至年的全部统计中名中国籍博士生中有选择留在美国补充一下年年底中国的统计数据中国国内一共有万个博士这个数据应该是包括国外回来的洋博士
4652754440816669,就这一刻小先锋的第天忽而放晴忽而阴雨在路边捉到一朵爱心花花心据说疫情防控取得阶段性胜利有种即将返岗的感觉脱下红马甲后立马赶到南山博物馆趁着撤展前一小时匆忙看了个有关拉斐尔的展览实在太精彩了色难得在深圳有这样的展览而展出的极为稀有的拉斐尔本人原作持花饰的孩童打码了才能发允悲深圳
4652754422730593,文观察者网赵挪亚核热推进火箭天梯地球火星经济圈这些以往只出现在科幻作品中的名词已被纳入中国未来火星计划的蓝图近日年全球航天探索大会在俄罗斯召开受疫情影响中方通过线上方式参加会议会议期间中国运载火箭技术研究院航天一院院长王小军发表了题为载人火星探测航天运输系统的演讲除了介绍中国既往火星探测任务成就外还透露了中国未来载人网页链接
4652754402543251,王予波率队到云南孟连县督导检查疫情防控和边境管控工作时强调筑牢疫情防控和强边固防的铜墙铁壁网页链接
4652754352737832,日常因为疫情失去舞蹈和堂食的一周
4652754180245098,纾困缓不济急台湾餐饮百货业恐陷十年最惨危机台湾流行疫情指挥中心日宣布新冠三级警戒延长至月日餐饮百货业经营雪上加霜民众党立委邱臣远日与相关业者举行记者会台湾餐饮业代表称纾困补助太少百货业代表称纾困根本缓不济急邱臣远指出这是十年最惨危机当局需慎防
4652742394253713,戴萌首支个人单曲戴萌月刊虽然疫情让我见不到美女但我还可以听到美女甜甜的声音那也足够让我心跳加速了这就是心动的感觉吧
4652754402543251,王予波率队到云南孟连县督导检查疫情防控和边境管控工作时强调筑牢疫情防控和强边固防的铜墙铁壁网页链接
4652754381048765,扬州市民扬州市民还剩三天抓紧接种第二针疫苗扬帆接种新冠疫苗是每个公民的责任也是为疫情防控贡献自己的一份力量网页链接分享自扬帆手机频道扬帆手机频道
4652754352737832,日常因为疫情失去舞蹈和堂食的一周
4652754180245098,纾困缓不济急台湾餐饮百货业恐陷十年最惨危机台湾流行疫情指挥中心日宣布新冠三级警戒延长至月日餐饮百货业经营雪上加霜民众党立委邱臣远日与相关业者举行记者会台湾餐饮业代表称纾困补助太少百货业代表称纾困根本缓不济急邱臣远指出这是十年最惨危机当局需慎防内需市场出现倒闭潮香港中通社报道台湾餐饮业联盟理事长李日东表示日本对大型餐饮婚宴业者提供补助纾困新加坡补助七成五韩国补助九成反观台湾换算后补助却不到两成大型餐饮业者不如小型业者能透过外送转型在租金水电成本高昂下业者苦撑不下去恐面临倒闭李日东呼吁经济部应提高大中小型企业贷款额度营运薪资补贴原贷款年限延长也需要农委会提供各餐饮业蔬果鱼肉食材加工品等优惠采购以及劳动部提供企业劳工相关薪资补贴分级分流的纾困办理措施才能够因应产业需求台湾购物中心协会理事长马文炳表示当局目前对于大型企业如百货公司的纾困根本缓不济急日就有购物中心厂商无法撑过疫情提前解约希望有关部门能够给予百货商场租金减免五大行提供免保优惠低率贷款另今年电费补助期间也能比照去年邱臣远表示一旦内需市场崩盘连纾困都不用谈了光是失业救济就发不完纾困需要分级分类从速从简从宽认定经济部须积极整合资源透过联辅基金会各产业协会及会计师事务所协助业者办理申请并且针对特定行业实施中小企业信保基金的专案保证如此才能帮助业者顺利撑过十年最惨寒冬香港中通社报道台湾餐饮业联盟理事长李日东表示日本对大型餐饮婚宴业者提供补助纾困新加坡补助七成五韩国补助九成反观台湾换算后补助却不到两成大型餐饮业者不如小型业者能透过外送转型在租金水电成本高昂下业者苦撑不下去恐面临倒闭李日东呼吁经济部应提高大中小型企业贷款额度营运薪资补贴原贷款年限延长也需要农委会提供各餐饮业蔬果鱼肉食材加工品等优惠采购以及劳动部提供企业劳工相关薪资补贴分级分流的纾困办理措施才能够因应产业需求台湾购物中心协会理事长马文炳表示当局目前对于大型企业如百货公司的纾困根本缓不济急日就有购物中心厂商无法撑过疫情提前解约希望有关部门能够给予百货商场租金减免五大行提供免保优惠低率贷款另今年电费补助期间也能比照去年邱臣远表示一旦内需市场崩盘连纾困都不用谈了光是失业救济就发不完纾困需要分级分类从速从简从宽认定经济部须积极整合资源透过联辅基金会各产业协会及会计师事务所协助业者办理申请并且针对特定行业实施中小企业信保基金的专案保证如此才能帮助业者顺利撑过十年最惨寒冬侨报新闻速递网页链接
4652742394253713,戴萌首支个人单曲戴萌月刊虽然疫情让我见不到美女但我还可以听到美女甜甜的声音那也足够让我心跳加速了这就是心动的感觉吧
4652753916265261,抗疫题材电影中国医生发布女性力量特辑在特辑中袁泉周也冯文娟雅玫杨祺如梅婷李沁张天爱宋佳俞飞鸿倪虹洁周笔畅张子枫佟丽娅刘佳黄璐张嘉倪刘琳等优秀女演员悉数出镜袁泉介绍自己的角色是疫情发生时奋战在一线的众多女性医务人员的集中代表而女性在面对困难与压力的时候往往会展现出强大而温柔的力量疫情来临时可能大家经历的更多是不安疲惫还有体力透支带来的那种绝望和崩溃而我们会帮助病患重新建立信心也会跟战友一起勇敢坚持下去作为中国胜利三部曲的开篇之作电影中国医生将于月日全国上映向抗疫英雄致敬抗疫战斗中有一种力量撑起半边天中国医生全新特辑展现女性力量
4652701663629093,今日台湾省疫情陈送终说新增例移入例死亡例打疫苗死亡人数没说台湾首现德尔塔变异毒株黄媒不会说的真相
4652674144013972,印度疫情印度单日新增万例印度卫生部门报告在过去的小时内印度新增例昨天新冠肺炎病例累计诊例新增死亡病例人昨天人累计死亡人
4652753416885158,电话访谈台灣新北妹子上集台灣檢測馬虎只在鼻孔挖一圈醫檢師透露台灣疫情有大量黑數火化的人數可以看出貓膩网页链接
4652382988011163,经典倒计时东京奥运会倒计时奥运会倒计时天女单号种子因达农全场高清回顾印尼大师赛因达农击败马琳拿下自己疫情前的最后一个冠军你看好初代天才少女在东京的表现吗世界羽联的微博视频
4652662798159575,我心中最闪耀的红星总有一种力量激励我们前行赞啊他们中有人穷其一生投身科技事业有人舍生忘死传承民族精神有人不惧危难奋战疫情一线有人坚守信念点亮一方希望一百年风雨兼程一百年砥砺奋进他们是这个时代的楷模是心中最闪耀的红星转发点赞赞说出你心中最闪耀的红星让榜样的力量激励我们前行让奋斗的光芒闪耀新征程微博放映厅宝藏蓝激励计划科技日报的微博视频
4652752674751704,四川新冠病毒疫苗第二剂接种累计超过万剂次疫情防控截至月日时分四川省新冠病毒疫苗第二剂次接种累计超过万剂次截至目前四川省已累计接种多万剂次据了解自月日四川省启动第二剂次集中接种工作以来日均接种量在万剂次以上来源健康四川官微健康四川官微
4652721103181155,广州荔湾北片区恢复餐饮堂食刚刚广州荔湾发布广州荔湾发布最新消息今天起荔湾区北片区域包括金花街西村街南源街逢源街多宝街龙津街昌华街岭南街华林街沙面街站前街彩虹街桥中街等条街道的社会餐饮服务单位恢复堂食服务涉疫重点场所严格按照规范评估合格后方可复业广州疫情
4652752543942636,第篇粉丝投稿鼓掌鼓掌鼓掌最擅长等待双向奔赴的旅程幸福一路都在盛开又一位在疫情期间喜欢上喜欢权志龙的粉丝而且她的班主任喜欢听他们的歌有次她还把龙写进周记得到了语文老师的认可她的美术老师去过龙的演唱会也和她分享了照片和视频都是助攻啊哈哈具体投稿说明请点击链接网页链接权志龙权志龙准备回归
4652490560114400,想想还是挺遗憾的因为疫情没有毕业旅行也好久都没有旅行了上海
4652741823566598,小朋友之间的友情隔着屏幕都是甜的因为广州疫情很久没见面的好朋友解封后见的第一面就是大声说我好想你啊奔跑的小朋友像裹了彩虹笑神来啦的微博视频
4652677348201081,伦敦爆发大规模示威活动数千民众不顾疫情聚集街头高呼自由伦敦爆发大规模反封锁抗议环球网辽宁共青团的微博视频
4652752447999225,疫情常态化重新定义居住新时代随着年广州新一轮新冠肺炎疫情的返潮广州部分区域已经实行了严格的居家管理措施居家积极成为疫情严重区域控制疫情扩散的一种有效方式在疫情常态化防控的背景下人们对于健康生活方式的思考变得更加深入这种小时宅家的生活方式对于房地产的产品需求和设计思路则提出了新的要求详戳疫情常态化重新定义居住新时代
4652752418638196,台湾首现德尔塔变异毒株本土病例据台湾流行疫情指挥中心昨天通报台湾地区新增例新冠肺炎确诊病例其中例为本土病例例境外输入病例另有例死亡病例近日更是出现了首例德尔塔变异毒株本土病例深圳卫视正午分的微博视频
4652738066254150,狗的脖子拴着上一条链子而台湾脖子上也有一条链子握在外国人手里台湾省某些人不在乎疫情逝者却在父亲节为美国的狗哀悼死了一条狗还有千千万条养在中国的狗跳出来狗的脖子拴着上一条链子而台湾省某些人的脖子上也有一条链子握在外国人的手里台湾做疫苗乞丐国际乞丐向全世界乞讨疫苗竟让立陶宛捐赠统一是历史的必然趋势假如某些人继续执迷不悟下去等待他们的只能是历史的审判中国台湾台湾台湾疫情台湾疫苗疫苗疫情新冠疫苗台湾沦为疫苗乞丐美国集合新时代军事军事分享官祖国必须统一也必然统一正能量搞笑台湾辰瑞的两岸观察台湾辰瑞的两岸观察的微博视频
4652738066254150,狗的脖子拴着上一条链子而台湾脖子上也有一条链子握在外国人手里台湾省某些人不在乎疫情逝者却在父亲节为美国的狗哀悼死了一条狗还有千千万条养在中国的狗跳出来狗的脖子拴着上一条链子而台湾省某些人的脖子上也有一条链子握在外国人的手里台湾做疫苗乞丐国际乞丐向全世界乞讨疫苗竟让立陶宛捐赠统一是历史的必然趋势假如某些人继续执迷不悟下去等待他们的只能是历史的审判中国台湾台湾台湾疫情台湾疫苗疫苗疫情新冠疫苗台湾沦为疫苗乞丐美国集合新时代军事军事分享官祖国必须统一也必然统一正能量搞笑台湾辰瑞的两岸观察台湾辰瑞的两岸观察的微博视频
4652752129232782,观鹤社区三人小组妙招助力高效排查在这次广州疫情防控工作中由医护人员社区志愿者公安民警组成的三人小组冲在抗疫最前线为居民筑起社区防控墙面对巨大的工作量他们有什么好办法提高工作效率我们一起去看看观鹤社区的三人小组是怎么做的广州交通电台的微博视频
4652747309975913,台湾首现德尔塔变异毒株据台媒报道台湾屏东一对从秘鲁返台的祖孙确诊经基因定序后确定感染德尔塔新冠肺炎变异毒株陆续传给人台湾地区疫情流行指挥中心日公布人的基因定序结果皆为德尔塔变异毒株为防堵该病毒株台湾地区自日起将全面提升入境人员检疫措施环球网环球网
4652751894349024,周杰伦不参加中国好声音宝藏星视频中国好声音曾经官宣周杰伦回归担任导师现在又因疫情原因不能参加你怎么看待此事的微博视频
4652730272451083,京都伊藤久右衛門的紫阳花芭菲再次登场今年因为疫情可以外带了本店附近还有紫阳花名所三室戸寺去看紫阳花时可以顺便打个卡地址京都府宇治市莵道荒槇日本旅行京都旅行网页链接
4652674970030448,特朗普口中的假新闻台在台湾打假了台湾的高端疫苗生产状况堪忧被批像个家庭作坊台湾疫情偏执狂的微博视频
4652740301029506,禽流感猖狂那会儿有鸡精企业跳出来坦白说自家鸡精一点鸡都没有鸡只是形容词像鸡一样疫情在武汉刚开始那会儿一个叫武汉鸭脖王的赶紧跳出来贴安民告示说自家用的是本地鸭不是武汉鸭农夫山泉这次应该是被打擦边球的文案营销给坑了硬要加一点日本元素进来估计是看元气森林用一个日本字就成爆款了发现了很多人网上骂日本骂得狠心底里爱日货喝个水都要和日本攀个亲沾点边我可以负责任地说确实要相信农夫山泉确实和日本啥关系都没有农夫山泉否认涉日本福岛进口成分延边汪清县
4652751630631149,城市追击香港香港今增宗病例新达广场女职员确诊大埔中心座强检变种新冠病毒入侵再有社区爆发危机卫生防护中心公布本港今日日新增宗确诊个案其中宗为输入病例以及宗与本地相关个案患者为名岁女子个案编号是早前确诊变种病毒男子个案的同事她于大埔区新达广场负责顾客服务工作最后上班日期为上周三日至今本港个案累计宗另录得少于宗初步确诊香港新增例新冠肺炎确诊病例该名女患者上周四日被界定为变种病毒男子个案的密切接触者送往检疫中心昨日日发烧入院调查显示病人未有接种新冠疫苗卫生署公共卫生化验服务处的基因分析仍进行中以确定病人是否带有变异病毒株政府今日会将该病人居住的大埔中心座工作处所及在潜伏期传染期到访过的地点纳入强制检测公告女患者的同住家人已于今日凌晨送往隔离中心翻查纪录个案编号患者为岁香港航空地勤人员早前感染变异病毒株他曾在新达广场一楼兼职顾客服务工作至上周二日仍有上班输入个案方面全部宗均验出带有变种病毒有宗由英国抵港分别是岁女子及岁男子另宗均于上周一日由孟加拉抵港为同一艘货船的船员余下宗由印尼抵港为岁女外佣本月日到港于赤鱲角富豪机场酒店检疫医管局表示截至今日上午时再有名确诊病人个案编号出院至今康复人数增至人目前公立医院已启用间负压病房合共张负压病床现时共有名确诊病人分别于间公院及北大屿山医院香港感染控制中心留医其中人个案编号情况危殆人个案编号情况严重其余人情况稳定香港疫情疫情防控关注新冠肺炎东网
4652751617787690,西南证券测算按主流的两针接种法接种要达到群体免疫接种费用近亿美元而年全球的疫苗行业总规模仅亿美元这意味着新冠病毒疫情让全球疫苗市场暴增到原来的倍疫苗企业一季度营收亿美元净利润亿美元营收亿欧元净利润约为亿欧元折合约亿美元亿美元其合作伙伴辉瑞把全面新冠疫苗销售额上调到亿美元中国新冠疫苗企业成为崛起中新势力北京科兴中维不是上市公司按拥有其的中国生物制药一季度联营企业业绩推算科兴中维一季度净利润约亿元约合亿美元截止月科兴中维的出货量约亿剂其董事长尹卫东表示今年产能有望提升至亿剂暴增至倍当然下半年新冠疫苗品种会增加很多价格会被打压下来但业绩的继续大增还是可以预计的
4652751571388594,年月日南昌市新型冠状病毒肺炎疫情情况年月日江西省卫生健康委发布疫情通报年月日时江西省无新增本地新型冠状病毒肺炎确诊病例报告无新增本地疑似病例我省常态化疫情防控平稳有序截至年月日时全省累计报告本地确诊病例例累计出院病例例累计死亡病例例我省已连续天无新增本地确诊病例报告年月日时江西省无新增境外输入新型冠状病毒肺炎确诊病例报告截至年月日时全省累计报告境外输入确诊病例及关联病例例累计出院病例例无住院境外输入确诊病例及关联病例年月日时南昌市无新增本地新型冠状病毒肺炎确诊病例报告无新增本地疑似病例无新增境外输入新型冠状病毒肺炎确诊病例报告截至年月日时我市累计报告本地确诊病例例累计出院病例例累计报告境外输入确诊病例及关联病例例累计出院病例例无住院境外输入确诊病例及关联病例我市已连续天无新增本地确诊病例报告
4652684928355547,台湾疫情媒体对确诊患者进行人身攻击台媒爆了一不封城二不普筛你怎么能怪确诊者到处走
4652751211200761,新冠患者会出现沉默性低氧安静时不缺氧稍稍一动就喘不上气南方日报南方广州这一轮本土疫情中无症状感染者比例不高您如何看北京协和医院重症医学科主任隆云有时候无症状更多是病人自身感受新冠患者在先前的临床观察中往往会出现沉默性低氧也就是说安静待着的时候不缺氧而稍稍一动就会喘不上气影像往往会出现渗出改变之前的很多所谓无症状感染者从医学上角度来说是不严谨的当然不排除少数人是无症状感染但多数还是有症状病人有感冒表现比如头痛流涕畏寒低热等从临床上说符合轻症或普通型诊断首次与德尔塔变异毒株交手顶级中西医专家找到了这些新规律和方法广州疫情广东疫情
4652751088520923,东莞解封个封闭管理区对麻涌镇执行封控管理的住宅小区进行解封东莞日发布第号通告对东莞市新型冠状病毒肺炎疫情防控指挥部办公室关于进一步加强疫情防控工作的通告第号中个执行封闭管理的重点区域进行解封对麻涌镇执行封控管理的住宅小区进行解封麻涌镇餐饮场所有序恢复堂食按核定人数的实行限流本通告自发布之日起施行广州日报
4652751084061056,孙仔满月留家庆祝薛家燕唔食饭都要抱孙艺人薛家燕下午到荃湾为代言厨具站台宣传期间大派礼物场面墟冚她透露孙儿本月日刚好满月但因疫情关系只留家庆祝一家人喺屋企食饭食猪脚姜烧肉红鸡蛋仲有切蛋榚我个仔啱啱度过首个父亲节我哋成餐饭都系讲问到她是否经常争抱孙薛家燕笑答梗系我个仔叫我食完饭先抱我又惊到时个孙瞓咗觉梗系抱完先啦她又透露孙仔已取名石汶栩英文名就叫中文名系亲家请教人改嘅我问过师傅都话希望佢聪明伶俐快高长大李居明师傅都赞孙仔面相同八字生得好令人羡慕薛家姐称目前孙仔貌似爸爸体重已增至十馀磅抱到手倦记者笑问乖孙是否已斟茶给她她谓一早斟咗啦依家每次帮佢换片要遮住问到会否希望儿子尽快追多个她表示新抱仍坐月中加上喂哺母乳已经很辛苦故不想给压力但倘若能够凑成一个好字当然好我之前仲同胡枫讲想学佢百子千孙帮孙仔开设教育基金唔使咁急呢啲留畀佢父母揸主意啦
4652750988902655,广州中风险地区清零鹤园小区居民回家昨天下午广州的中风险地区清零目前全市均为低风险地区但为了最大限度保障安全荔湾区白鹤洞街的鹤园小区依然严格管理秩序井然广州电视记者杨时秋报道广州疫情广州交通电台的微博视频
4652750979207782,罗马的金宫在疫情后首次重新向公众开放伴随着一场沉浸式展览这场展览原本应该在年举办作为拉斐尔逝世周年纪念但因为疫情推迟到今年当时在发现金宫的古代壁画过程中拉斐尔做过很大贡献展览起名为拉斐尔和金宫穴怪图像的发现在尼禄的八角厅开幕当年通过八角厅的圆顶拉斐尔和其他艺术家用绳索降落到这座巨大的遗址内发现了久违的华丽画作植物动物人物形态交织在一起这种风格后来被称为穴怪图像这些画作在年首次曝光后来穴怪图像被许多贵族用来装饰房屋比如佛罗伦萨的乌菲兹和旧宫展览时间年月日年月日周一周四有陪同周五周日有讲解员周末的参观比平日的内容多票价周一周四欧周五周日欧地点入口公园内图意大利旅行罗马旅行
4652750916553044,新加坡卫生部通报岁退休老妇第例月日病逝她有癌症高血压高血脂病史是岁印尼籍女佣第例的家居接触者属于编号感染群由于她曾到过第座红山景巴刹与小贩中心和旁边的第座组屋商铺月日响应号召参加普筛同日出现发热症状同日检测结果为阳性确诊她未曾接种冠病疫苗这是继月日岁男子病逝之后六天内的第二起死亡病例也是新加坡的第起死亡病例近期红山中峇鲁几个感染群出现多个老龄病例而且相当多尚未接种情况恐不乐观新加坡疫情今日新加坡新加坡
4652750909211635,泰国疫情泰国曼谷发现首例变种病毒感染者泰国网报道据泰媒月日最新消息泰国首都曼谷发现首例变种病毒南非感染者病例初步得知该病例为泰国南部陶公府关联病例其他具体详情官方将于后续公布来源三台早报网页链接
4652357146640967,苗苗苗客服热线需求立马满足酷中国电信广东江门分公司接蓬江区政府要求紧急开通疫苗接种客服热线任务中国电信蓬江区分公司防疫应急工作组启动应急处理机制各战线分工合作克服坐席安装地址缺乏资源无室内电话缺失等等困难与政府沟通现场坐席细节科学组织系统受理现场因地制宜设计布线方案紧张有序推进苗苗苗热线尽早开通小时防疫应急工作组顺利实施后台录入现场布线入机调测终于在月日晚上确认户苗苗苗呼叫热线全线调通提前小时交付使用同时中国电信江门蓬江区分公司更为疫苗接种热线增设了来电名片以及企业视频彩铃等增值功能大大增加了疫苗接种客服热线的权威度获得蓬江区政府点赞广东疫情电信有爱翼起抗疫国资小新国资小新
4652750644187228,健身运动体脂脂肪体测报告点是年月份去年疫情时候肚子超胖对比现在瘦很多腰臀比身体健康指数分还行体脂率刚运动完口渴水分不足这几天换旅店熬夜睡眠不规律今天早上还饿醒了而且胃疼好像体重下降代谢一般需要健康规律饮食常备干粮还不错咯继续加油兔子耶上海博库书城宜山路店
4652750644187228,健身运动体脂脂肪体测报告点是年月份去年疫情时候肚子超胖对比现在瘦很多腰臀比身体健康指数分还行体脂率刚运动完口渴水分不足这几天换旅店熬夜睡眠不规律今天早上还饿醒了而且胃疼好像体重下降代谢一般需要健康规律饮食常备干粮还不错咯继续加油兔子耶上海博库书城宜山路店
4652686756283298,今年广东卷中考语文作文这才是少年该有的模样所以苹什么说去年我辛辛苦苦背了一堆关于疫情的好词好句最后让我给李华写信微笑好呀耶
4652741764843840,张泽禹打张泽禹第一主唱翻相册每次都有新发现这是疫情期间大禹在家跟吉他老师的隔空合奏已经老师同意后发出这瓶江小白我干了的微博视频
4652750405110814,台湾疫情台疫苗紧张一工厂拟包机送员工到关岛打针台湾地区今日日新增宗新冠病毒本土确诊个案再多人染疫不治由于岛内新冠疫苗持续紧张台湾内存模组大厂威刚日发布内部公告为体恤员工接种新冠疫苗的不易提供关岛接种疫苗行程威刚包机项目公司向每名员工提供万元新台币的补助员工还需自费万元新台币前往关岛接种疫苗据该公司负责人表示包机计划月日前往员工可在强生辉瑞莫德纳这三款疫苗中自选一种不过现时该公司仍未确定航班及人数而员工打完疫苗回台后仍要配合防疫要求隔离天员工届时要遥距办公大公文汇全媒体
4652750404847718,卫福部通报变种病毒有疏失蓝营青年天落差谁造成的印度变种病毒在屏东爆发疫情国民党青年部主任陈冠安批评但大家却亲眼看到屏东县长潘孟安是如何一边拿确诊当作政绩让民众误以为社区环境安全实际上却可能暴露在危险之中他要问位秘鲁归国的确诊者日确诊收治屏东县府到日才公布相关资讯这天落差是谁造成的
4652750404585966,话筒广州交警关于荔湾大队交通违法处理窗口恢复对外办公的通告据广州交警广州交警最新消息根据广州市人民政府网发布广州市新型冠状病毒肺炎疫情防控指挥部关于荔湾区芳村片区调整分级分类防控措施的通告第号通告明确荔湾区芳村片区鹤园小区除外在落实好疫情防控措施的基础上自月日起恢复对外人员和交通通行荔湾交警大队交通违法处理窗口广州市荔湾区塞坝路号将于月日起恢复对外办公网页链接
4652750379418551,澳大利亚新南威尔士州新增例新冠肺炎确诊个案该州州长预计当地确诊数字未来数天还会进一步上升新南威尔士州增至人感染较高传播性的变种病毒邻近的昆士兰州也公布新增两例本土感染涉及在英国首先发现的变种病毒新南威尔士州政府昨天宣布悉尼及周边地区封城两星期直至下月日新西兰昨天叫停与澳大利亚的旅游气泡为期日澳大利亚疫情全球疫情
4652750238124714,张硕辅温国辉到广州呼吸研究中心调研月日广州市委书记张硕辅广州市委副书记市长温国辉到广州呼吸研究中心调研广州疫情防控和重大项目建设情况现场协调解决问题中国工程院院士钟南山参加广州电视记者马俊健报道广州交通电台的微博视频
4652740028404503,汗疫情影响我们第三届乡村摄影活动培训推迟了一个多月孩子们都放暑假了就当暑假夏令营活动吧继续发之前拍的照片就在我湖南老家村里拍的
4652750211911325,小事实干暖心为民月日增城区公安分局民警辅警在开展交通疫情勤务工作中拾到群众钱包重要证件等物品并及时寻找失主归还物品在花莞高速仙村北出口分局警务保障室民警单锦华发现一钱包被遗漏在核酸检测点单锦华迅速妥善保管钱包并通过受检群众登记表逐一打电话询问最终找到了失主失主返回检测点后单锦华与失主认真核对并归还失主对执勤民警表示感谢在广河高速正果西出口分局刑警大队民警黎伯桂刘俊彬拾到一本行驶证里面装有身份证银行卡两名同志通过智慧新警务手段迅速找到失主电话联系后却发现失主是一名岁的老人两名同志考虑到老人不方便再次返回在顺利完成勤务工作后到与老人约定的地点将失物完整归还谢谢太有心了老人非常感激民警们的帮助广州公安广州公安我为党旗添光彩我为群众办实事
4652750014776225,小强快评广东齐心抗疫一个月连打三场硬仗守护美好家园这两天朋友圈好多人都在转这样一个段子全国都在为广东加油而广东人在喊着欧洲杯加油不出门不乱跑行但在家里不收看足球赛那不行这样一个略带调侃的段子我想也折射出了广东人面对疫情不失乐观的本色一个月内连遇三场境外输入疫情连打三场阻击战广东可谓是步步惊心硬是打出了一场反守为攻精准消灭的亮剑之战第一场广州战疫迎战印度首发的变异病毒这是引起的国内首起本土聚集性疫情首发病例为一位荔湾阿婆疫情以早茶传播链迅速蔓延为此广东立刻发动闪电战要的就是一个字快原本国家要求在小时内完成的流行病调查工作广东在小时之内全部完成就是要和病毒抢时间用什么去抢用科学防控去抢用不眠不休去抢用上下一条心去抢然而变异毒株的凶猛异于往常在判断疫情已有社区传播的苗头之时广州立下决心将疫情高风险地区居民全数转移至隔离宾馆包吃包住把病毒放在自己的眼皮子底下设下口袋随时收网狭路相逢主动亮剑而就在的这一天深圳战疫同步开打以盐田港为首战场迎战英国首发的变异病毒广东的两个一线城市面临两种新型对手的同步夹击变异株刚一上岸首发病例一名入境货轮船箱理货员便在重点作业人群例行检测中被发现随后深圳立即展开精准消灭战迅速排查相关人员严格管理涉疫小区分级分类精准防控位感染者皆为主动排查发现第三场深圳东莞战疫首发病例为深圳机场的一名入境流调人员病毒自入境后借道一位双城生活的市民潜入东莞研究发现疫情的变异株基因序列与国际航班输入病例高度同源但与在广州发现的变异毒株有明显差异属于另一种变异株来自印度以外的国家截至目前前两场疫情的社会面风险已经得到控制第三场仍处于短兵相接的斗法阶段隔离观察社区防控全员核酸筛查等工作也在紧张推进广东也正力争将其稳控在最短时间最小规模最终打赢第三场疫情防控阻击战来源广东广播电视台曾小强工作室广东台触电新闻的微博视频
4652641881686869,身为英国卫生大臣无视防疫规定不戴口罩也就算了还张着大嘴激吻女人吻女人也就算了吻的是下属简称小三儿吻小三儿你还不避点人居然叫大家都看见英伦三岛看得真真切切传得沸沸扬扬被疫情折磨的死去活来的英国民众愤怒了反对党更是不依不饶小金毛一时也不好犯众怒只好让卫生大臣韩考克辞职了事太阳报日头版刊登已婚的韩考克在办公室拥吻女助理照片后岁的韩考克今天向首相请辞最讽刺的莫过于韩考克在英国政府抗疫工作中扮演主要角色经常板着面孔在电视电台上呼吁大众要遵守严格防疫规定韩考克在辞呈中有退回的表示小金毛首相的表态有点奇怪收到辞呈感到遗憾你应该为你所提供的服务深感自豪我很感谢你的支持且深信你对公共服务的贡献才刚开始而已英国同美国一样尚无官员对防疫失策给民众带来巨大伤害而被追责这个辞职不过是一个英国绅士面对有伤风化事件的一个反应
4652691894567792,今日去看望外婆雨差点把天下破了我老老实实打车沿途司机师傅乘风破浪仿佛坐快艇能见度十来米允悲允悲允悲师傅还在说呢今天美院这边居然让我进来了我说一直都可以估计是疫情之后管理严格了一段时间就这样武汉人民永远的共同话题就此展开谈到疫情所有人都有话说上次一个司机师傅感慨说自己疫情刚刚有些起来的架势他去口罩厂买两箱口罩回去当时厂里好多囤积说你要不要代销一毛钱一个还是几分钱一个的价格你都拿走吧他当时懒得折腾就买了两箱后来整个疫情都在后悔没有发家致富我劝他你要是当时囤积卖高价现在可能都关进去了焉知非福允悲允悲允悲今天这个小伙子是电力系统的他说也就疫情最开始在家关了十天后来要建雷神山火神山啊电水路这是必须三通的电力系统死命令必须立刻把电铺好并不简单于是当他们来到荒芜一片的工地就发现神马都没有起重机挖掘机要啥没啥所有电力设备全部靠自己手挑肩扛铺设电缆靠自己手动挖沟说当年念书的时候学会的各种手工操作上班后全是机械化运作人工操作真是第一次实践设备都没有不是允悲允悲允悲他很感慨说当时单位也是担心他们的这些技术工种牺牲了专门去红会为他们争取了小哥说质量太好了太窒息了防护服也不许脱口罩更不能摘干着纯体力活打开防护服都是哗哗流水允悲允悲允悲尤其是第一天大家自己带着干粮水都吃完喝完了没有补给啊给区政府打电话寻求帮助允悲最后解决方式是公安局长带队撬小卖部门锁笑说是联系上了最近小卖部业主可是人家封锁在小区里也不能出来啊最后公安局撬锁然后现场录像都洗劫了啥回头再补偿业主这样小哥他们才有了吃的喝的笑笑笑他感慨着这样的经历一辈子不会忘啊想想在疫情期间武汉那么艰难水电天然气网络等等都一天没断过物资补给在最初的混乱后也是极快的全部解决我们能在家安安全全的关上几个月是各行各业的工作者们负重前行啊真的感激他们心
4652484167731331,美國拿回產業鏈主導權新冠肺炎疫情重擊全球經濟原有的供需平衡遭打亂讓美國政府重新思考產業供應鏈過於依賴亞洲的狀況並透過振興政策企圖拿回半導體電動車稀土等產業鏈的主導權讓供應鏈重心回到北美然而專家卻不看好短時間能產生效果在於各大企業仍期待透過低廉的成本完成生產重新在北美打造生產線會耗費太多成本報導經濟學人智庫商業與法律專家日前公布一份報告指出多數在亞洲擁有生產鏈的跨國企業將恢復到疫情前的運作模式即根據營運成本及收入機會做相關決策而不是重新建立新的供應鏈這代表很多企業將繼續依賴低成本的亞洲進行生產補充說明將生產和銷售業務轉移到數千英里外的地方是一項成本高昂且複雜的投資轉移到北美將會企業無法以低成本方式進入亞洲市場而亞洲市場對他們來說仍是相當具吸引力此外也認為北美想透過墨西哥取代亞洲的想法很難行得通墨西哥的勞動力成本雖然比美國加拿大還要低廉但市場擔心墨西哥政府對國際貿易採取更加保護主義的立場反而會讓國際貿易陷入阻礙指出業界也擔心美國總統拜登喊出的全購買美國製造的商品是否與真正自由且開放的貿易市場相矛盾種種因素都會讓企業對於轉移生產鏈缺乏信心因此能真正實現轉移產業鏈的目標很難實現
4652749918570366,也许疫情给我最大的安慰就是每天都是看着孩子成长非常幸福匈牙利布达佩斯
4652722836738192,广州荔湾恢复校园线下教学按照广州市关于调整风险等级的有关通告荔湾区全域为低风险地区根据上级疫情防控工作要求结合当前疫情防控工作形势现通告如下荔湾区中小学幼儿园于年月日起恢复线下教学各学校要严格做好师生健康监测进校前实行扫码测温手消毒加强食堂课室宿舍等重点场所通风消毒全方位强化校园及周边环境整治加强食品安全和校园安全管理严控校内聚集性活动不举办跨区域跨校跨班级活动广州日报新花城记者吴多
4652721653682003,吴哲晗对吴哲晗上心了天安利吴哲晗疫情期间刷到认识补档时看的国美美少女精舞门时被圈实在是太帅了虽然后来补档发现嗯是个可可爱爱的小姑娘当然这不影响我喜欢可帅可美可爱可御可真实的她木子的的微博视频
4652681078243899,南铁微视角夏日护航我们是认真的随着暑假的到来铁路迎来夏日出行高峰南铁福州客运段南铁福州客运段根据往年暑运的经验开展夏日护航行动加强安全乘车宣传做好疫情防控工作安全出行提醒在此提醒各位旅客出行时务必戴好口罩做好个人防护单独出行的学生要注意保管好身份证车票等个人财物旅途中要注意列车提示以免因玩手机等耽误到站下车对列车上的设备设施开关按钮等不明确使用意图的不随意按动文图刘峰岩李湘玲翁志刚
4652721653682003,吴哲晗对吴哲晗上心了天安利吴哲晗疫情期间刷到认识补档时看的国美美少女精舞门时被圈实在是太帅了虽然后来补档发现嗯是个可可爱爱的小姑娘当然这不影响我喜欢可帅可美可爱可御可真实的她木子的的微博视频
4652681078243899,南铁微视角夏日护航我们是认真的随着暑假的到来铁路迎来夏日出行高峰南铁福州客运段南铁福州客运段根据往年暑运的经验开展夏日护航行动加强安全乘车宣传做好疫情防控工作安全出行提醒在此提醒各位旅客出行时务必戴好口罩做好个人防护单独出行的学生要注意保管好身份证车票等个人财物旅途中要注意列车提示以免因玩手机等耽误到站下车对列车上的设备设施开关按钮等不明确使用意图的不随意按动文图刘峰岩李湘玲翁志刚
4652749411058153,全国新冠疫苗接种剂次超亿国家卫健委月日通报全国新冠疫苗接种已超过亿剂次免疫屏障正在加速构建国家卫健委负责人近日接受新华社记者专访时表示预计年底前至少目标人群接种疫苗共筑免疫长城我们还要继续努力众志成城战胜疫情加油
4652490446080755,两年噜如果不是疫情本来是可以见面的今年比谁送的礼物更有新意没想到哥这么手残也能画的这么好叮
4652748944969117,印度军事印度连累了我们美国努力遭到破坏印媒却和英媒杠上了军事新闻环球奇谈印度是一个好面子的国家即便是在处理疫情的过程当中爱面子的特点也有所体现之前印度严重的疫情引起了中国的关注中国主动提出向印度发起支援然而在印度看来中国的援助似乎是一种轻视因此印度对此进行了拒绝然而一波未平一波又起印度媒体又和英国媒体杠上了就因为英国媒体指责印度连累了我们而在印度眼中这一报道存在严重的不合理之处据环球网报道英国媒体对印度的疫情进行了报道表示印度因为第二波疫情的影响导致四国机制想拿疫苗抑制中国的这一计划破产英国媒体还表示这个机制是好不容易才形成的如今却因为新冠疫情暴露了四国机制当中的弊端更是让美国的努力遭到破坏而这个导致这一切的就是印度印度显然是四国机制当中最薄弱的一环面对这篇报道印度人生气了因为在他们看来这是对他们的轻视接下来印度媒体开始回击英国的报道表示这个问题要综合来看如果要评价印度在四国机制当中的位置要看印度应对中国的整体能力而不应该局限在疫情这一方面因为疫情的失控印度在防疫方面确实暴露了很多问题但是这与其他方面的能力不等同尤其在军事和经济方面对于印度的反驳英国媒体嗤之以鼻在英国看来受印度的影响他们的国家也被牵连受印度牵连的不仅是四国机制当中的国家还有西方世界这当中自然包括英国除此之外西方国家很注重疫苗的出口产量在这之前印度就因为产量问题向西方世界做出保障只是没想到印度连自己的疫情都控制不了更别说兑现此前的诺言有人认为两国的报道展现了看待国际事物两国截然不同的角度但在外界看来英国的指责很合理防疫背后体现的是一个国家的综合实力印度在这一方面没有交出满意的答卷这也意味着印度出现疏漏的恐怕不是直接对接的医疗部门而是多个方面就实际情况来看英国指责印度拖累了他们这句话其实是合理的因为西方世界在疫苗方面与印度达成了合作其中就牵扯到英国为了响应世卫组织的号召美伊两国承诺要给世界提供亿支新冠疫苗其中亿只阿斯利康疫苗的生产交给了印度然而谁都没想到印度的疫情可以这样严重疫情失控之后印度的疫苗生产也开始出现问题印度甚至单方面撕毁了合约开始拒绝出口疫苗这个合作由英国主导另一个合作的主导方是美国建立在四国机构的基础上要向亚洲国家提供亿只疫苗这个计划具有一定的对抗性目的就是为了降低中国在亚洲的影响力在这个合作当中美国负责提供强生疫苗的专利日本要为疫苗的生产提供资金运输的任务就交给了澳大利亚而印度只需要负责生产即可为了实现该项目这几个国家举行了多次会议确保各个环节万无一失结果问题又出在印度身上还没开始生产疫情就重锤印度让这个国家彻底摆停谈何恢复疫苗生产受印度的牵连美国和英国也要为此负责之前承诺的疫苗完全拿不出来对抗中国的计划也无法实现因此才有了英国媒体的报道印度对这个报道并不服气因为在他们自身看来印度虽然处于亚洲版块但是应该算在西方阵营当中就这篇报道来看自己并不在这个阵营里边并且还遭到了嫌弃对于好面子的印度来说他们自然不会善罢甘休在英国的报道当中英国将美国称为四国机制当中最强大的一环这一说法也引起了印度的不满印度在攻击完英国之后又开始攻击美国印度表示美国确实是最强大的一环同时也是疫情最严重的一个国家死亡人数超过万人位居世界第一与此同时别国受苦受难美国选择视而不见关上自己的大门宁愿医疗设备烂在家中也不愿意帮助其他国家除此之外英国也表达了对其他两个国家的不屑但是在外人看来没有人在乎这四个国家之间的互呛大家更关注印度什么时候可以控制住自己的疫情不要给其他国家间接增加风险据悉印度一天之内的确诊病例一度降到了万例死亡病例降到了例左右比起上个月印度的疫情明显好转但是专家却依旧愁眉不展印度专家表示从长期来看印度难以逃过第三波疫情的爆发下一次爆发即将在周周后抵达依然存在巨大的风险但是政府已经明显放松了警惕不再强制人们戴口罩也开始取消一些地区的封锁在他看来这些举动并不理智他希望政府可以提高警惕不要重蹈之前的覆辙
4652718411482880,台湾疫情孤独的身影
4652748622004394,牛年国际派美国小哥爱深圳年对于许多人来说是不容易的一年那些从远方来到深圳工作生活的外国人也不例外疫情之下他们的生活有何变化他们对于新的一年又有何期待直播港澳台继续推出系列报道牛年国际派讲述在深外国市民的故事今天的主人公是一位年轻小伙迈克他来自美国佐治亚州亚特兰大目前在深圳从事外教工作去年疫情暴发时曾被母亲哭求不要回到中国不过最终还是选择回深圳他说这是这辈子做过最棒的决定第三只眼看中国直新闻的微博视频
4652748559880093,疫情快结束吧手机相册里跳出之前旅行的相册想想真的太久没有出行了奥特曼
4652748383978138,菲律宾总统放狠话要么打疫苗要么去坐牢现在加速推进疫苗接种工作成了各国防疫的一大工作重心菲律宾总统杜特尔特表示接种或者我将把你送进监狱你自己选小央视频的微博视频我国超亿人接种新冠疫苗德尔塔变异毒株致多国疫情反弹
4652708117874743,近日欧美最大八卦的后续来了岁英国卫生大臣马特汉考克与已婚助手在伦敦白厅的英国卫生部总部办公室热吻视频曝光后辞职这位女助手曾是其牛津大学时的密友是其在疫情期间用公款聘请的顾问据英媒报道该视频拍摄于月日下午点在宣布辞职后汉考克跑回家不是求得年妻子的原谅而是通知妻子他要离婚妻子玛莎与汉考克是在牛津大学读书时认识两人因都有阅读障碍而相识俩人育有两个儿子和一个女儿岁的玛莎出身于英国贵族男爵岁的父亲曾是信托基金的秘书保护历史建筑物或手工艺品岁的母亲是古董商在此之前玛莎不知道自己的丈夫已有了婚外情今天早些时候她与母亲在家附近外出被拍还戴着婚戒据英媒报道岁的和汉考克的婚外情两年前就被其盟友提到和质疑两年来两位经常一起出现在公开场合他们年代相识于牛津大学的广播室后成为亲密的朋友的丈夫是岁的富翁企业家创立了高街时尚和生活方式连锁店生活里的狗血八卦往往比小说和电影里的还精彩
4652747896390271,六月炎夏完成第二剂疫苗接种核酸检测做了五次这座城市的人都在勇敢且小心的生活着进小区坐公交地铁进大厦都要检查绿码核酸标签测体温疫情快点结束吧致敬所有一线医护人员和志愿者
4652747889050340,苏贞昌力挺陈时中重申政府努力协助民间采购疫苗苏贞昌日视察三号高原交流道完工面对外界质疑慈济及国民党地方政府希望采购过程受阻蔡英文更与慈济证严上人通过电话对此苏贞昌表示因应疫情严峻全球疫苗市场短缺看到民间及企业团体各方愿意透过管道采购政府表达肯定及感谢而台积电鸿海先有联络政府在前天都已签属好所有法律相关文件希望两家企业更努力早日买到一苗政府尽一切给予协助对于其他相关各方团体政府都是用同样积极态度协助也希望各方力量一起合作争取到台湾最需要的疫苗
4652672563283823,深圳名气最大的荔枝下架了今年刚好遇到了新冠疫情听朋友说今年荔枝销量不好很多果在树上都请不起人工摘很多果农很不容易希望接下来要上的龙眼能挽回局面深圳西丽荔枝结束深圳平湖
4652747415358943,荷花绽放淡淡飘香去年疫情宅家也没机会外出带娃去赏荷花美景趁疫情稳定多带她外出游玩记录岁个月天亲子时光北京莲花池南里小区
4652747309975296,超级无敌顺利的打完了疫苗耶耶耶没有排队没有在阳光下曝晒全程跟着指引完成流程这一切都要感谢所有的医护人员你们辛苦了赞赞赞致敬疫情前线医护人员一针剂没有说的那么吓人哦一点也不疼坏笑厦门
4652747305782124,台湾首现德尔塔变异毒株台湾的疫情数字一个字都不能信前几天就有台湾人到澳门被查出德尔塔变异病毒阳性厦门一天接到个台湾来的阳性病例真不知道这帮人是怎么上飞机的台湾真是全世界输出病毒
4652701675686223,台湾新增例本土确诊病例台湾单日新增例本土确诊病例其中人死亡台湾疫情中心今天报告新增例本土确诊病例例境外输入病例新增例死亡病例
4652746919383913,黔中平坝疫情防控所有人所有人月日以后将不再集中接种第二针所有人月日以后将不再集中接种第二针
4652746919383913,黔中平坝疫情防控所有人所有人月日以后将不再集中接种第二针所有人月日以后将不再集中接种第二针
4652746781230164,牛年国际派专访深圳首位外籍志愿者弗朗西斯年对于许多人来说是不容易的一年那些从远方来到深圳工作生活的外国人也不例外疫情之下他们的生活有何变化如果时光能够倒流他们还会选择年留在深圳吗他们对于新的一年又有何期待牛年国际派讲述在深外国市民的故事本次的主人公是深圳第一位外籍志愿者宝安区第三届义工服务玫瑰奖章获得者弗朗西斯他来自西非国家加纳来看看他的年是如何度过的第三只眼看中国直新闻的微博视频
4652724795477537,哥俩为疫情爆发文你们太棒了注这是我的解读这条信息是讽刺的封锁钥匙锁泰语中的是与下同音由于在许多地区爆发目前再次处于封锁状态我们试过调整戴着口罩拍摄节目开始拍摄前需要出示测试结果不然的话我每次工作前都要做检查鼻腔置换毁了我的鼻子除了指责那些已经在努力的人政府还做了什么所有的责骂并不能改变什么
4652675004105467,美国疫情出现时间更早权威机构公布最新研究美数据严重造假武力统一的微博视频
4652746554738932,月日到月日此次广州疫情收治本土患者人中医和中西结合治疗的患者有例占其中单纯用中药治疗例占例未使用中医药包括婴幼儿及其他不配合用药者占经过前一阶段的临床实践中医药团队已总结出核心病机和用药规律已有例患者出院其中例患者采用纯中医治疗例患者采用中西医结合治疗例岁以下婴幼儿未服药中医和中西医结合治疗占经过中西医协同治疗已经有例危重症患者撤出例危重症患者拔管例重症患者转为普通型例有重症倾向的普通型患者阻断转为重症为防控变异毒株新冠肺炎提供了宝贵经验青龙按实际德叔这个说法就是中西医对比而德叔或者记者说的比较委婉其中例患者采用纯中医治疗例患者采用中西医结合治疗例岁以下婴幼儿未服药以上数据足以说明大部分中医治疗留了几例给西医遮掩一下脸面广东疫情德叔中医角度找到核心病机了中医优于西医广东疫情德叔中医角度找到核心病机了中医优于西医
4652690452254606,台湾监察院准备为今年月台湾疫情爆发的事情约谈陈时中苏贞昌马上出来护航说这时候苛责陈时中不厚道还夸台湾去年防疫世界最好无心简影的微博视频
4652746227056866,今日隔壁全球疫情已经更新印度毒株新变种已有两个分支一个全球肆虐另一个暂时只在美国这玩意就是在广东秒传人那个广州出现最短秒传播病例巴西总统基本疯了不但自己摘口罩叫嚣甚至公众活动摘了个支持他的小男孩的口罩拉美欧洲非洲亚洲正在逐渐被印度毒株全面接管英国反弹到单日新增万确诊基本都是印度毒株印尼飙到单日万确诊还是印度毒株他们还有其他所有变种毒株南非飙到单日万确诊其中都是印度毒株这可是毒株南非毒株的大本营啊也就拉美还是巴西毒株多点但哥伦比亚都飙到日均万确诊的水平了日本人继续浪费疫苗并鞠躬日本疫苗接种出现近起失误这个话题很实用鞠躬是本子永恒的旋律比如又把大麦茶放进冷柜直接报废全部疫苗澳洲隔离酒店又坑了这一期非洲的消息多了一些还有比较少提到的中亚地区全球新冠疫情杂谈印度毒株接管全球疫情
4652745741045538,昨天反管控反疫苗示威者向唐宁街和议会扔网球有警察受伤多人被捕本周末伦敦示威有个高潮里面有很多拨人除了反管控疫苗还有反新警察法案反保守党疫情腐败还有环保巴勒斯坦等等
4652745502494313,今天这个冬瓜汤刷屏了允悲允悲允悲大家都说好还说疫情结束后一定要来喝允悲允悲允悲说是卖相一流用料足煲出来的汤肯定好喝笑我是用一整块扇骨煲的味道确实还不错继续努力往大厨方向前进加油加油加油广州
4652746554738932,月日到月日此次广州疫情收治本土患者人中医和中西结合治疗的患者有例占其中单纯用中药治疗例占例未使用中医药包括婴幼儿及其他不配合用药者占经过前一阶段的临床实践中医药团队已总结出核心病机和用药规律已有例患者出院其中例患者采用纯中医治疗例患者采用中西医结合治疗例岁以下婴幼儿未服药中医和中西医结合治疗占经过中西医协同治疗已经有例危重症患者撤出例危重症患者拔管例重症患者转为普通型例有重症倾向的普通型患者阻断转为重症为防控变异毒株新冠肺炎提供了宝贵经验青龙按实际德叔这个说法就是中西医对比而德叔或者记者说的比较委婉其中例患者采用纯中医治疗例患者采用中西医结合治疗例岁以下婴幼儿未服药以上数据足以说明大部分中医治疗留了几例给西医遮掩一下脸面广东疫情德叔中医角度找到核心病机了中医优于西医广东疫情德叔中医角度找到核心病机了中医优于西医
4652690452254606,台湾监察院准备为今年月台湾疫情爆发的事情约谈陈时中苏贞昌马上出来护航说这时候苛责陈时中不厚道还夸台湾去年防疫世界最好无心简影的微博视频
4652746374908696,最安全的家燕子一家八口在监控死角安家江苏南通一小区门口的摄像头边上一个燕子窝引人注目年以来共有十多只燕子从这里飞向蓝天小区居民说除了疫情期间燕子们每年都不缺席今年更是一窝生了个宝宝一家口其乐融融小燕子张嘴等待投喂的样子太萌了江苏新闻的微博视频
4652746227056866,今日隔壁全球疫情已经更新印度毒株新变种已有两个分支一个全球肆虐另一个暂时只在美国这玩意就是在广东秒传人那个广州出现最短秒传播病例巴西总统基本疯了不但自己摘口罩叫嚣甚至公众活动摘了个支持他的小男孩的口罩拉美欧洲非洲亚洲正在逐渐被印度毒株全面接管英国反弹到单日新增万确诊基本都是印度毒株印尼飙到单日万确诊还是印度毒株他们还有其他所有变种毒株南非飙到单日万确诊其中都是印度毒株这可是毒株南非毒株的大本营啊也就拉美还是巴西毒株多点但哥伦比亚都飙到日均万确诊的水平了日本人继续浪费疫苗并鞠躬日本疫苗接种出现近起失误这个话题很实用鞠躬是本子永恒的旋律比如又把大麦茶放进冷柜直接报废全部疫苗澳洲隔离酒店又坑了这一期非洲的消息多了一些还有比较少提到的中亚地区全球新冠疫情杂谈印度毒株接管全球疫情
4652745741045538,昨天反管控反疫苗示威者向唐宁街和议会扔网球有警察受伤多人被捕本周末伦敦示威有个高潮里面有很多拨人除了反管控疫苗还有反新警察法案反保守党疫情腐败还有环保巴勒斯坦等等
4652745502494313,今天这个冬瓜汤刷屏了允悲允悲允悲大家都说好还说疫情结束后一定要来喝允悲允悲允悲说是卖相一流用料足煲出来的汤肯定好喝笑我是用一整块扇骨煲的味道确实还不错继续努力往大厨方向前进加油加油加油广州
4652745402092424,新加坡三部长联名发文冠病或成为地方性流行病人民须与冠病共处如常生活点击阅读全文新加坡三位部长联名发文疫情几时会结束会怎样结束
4652745372209528,香港疫情香港今增本地个案与男地勤相关卫生署卫生防护中心公布截至今日日时分中心正调查宗新增新冠肺炎确诊个案新增的个案中宗为输入个案宗与本地个案有流行病学关连至今本港个案累计宗包括宗确诊个案和宗疑似个案该宗与本地个案有流行病学关连的个案涉及一名岁女子是个案的同事于大埔新达广场负责顾客服务工作最后上班日期为月日她于月日被界定为个案的密切接触者而被送往检疫中心其后于月日出现发烧同日入院中心的调查显示病人未有接种疫苗卫生署公共卫生化验服务处的基因分析仍在进行中以确定病人是否带有任何变异病毒株个案编号患者为名岁男香港航空地勤人员早前感染变异病毒株患者曾在大埔新达广场一楼兼职顾客服务工作至上周二日仍有上班网页链接大公文汇全媒体
4652745371423562,夜间天气贵阳市气象台年月日时发布目前各地多云有分散阵雨气温在之间预计今天傍晚至夜间阴天间多云转阵雨或雷雨主城区气温关注天景在线微信小程序及时掌握天气变化新冠肺炎疫情防控温馨提示温馨提示增强健康意识做好个人防护
4652745402092424,新加坡三部长联名发文冠病或成为地方性流行病人民须与冠病共处如常生活点击阅读全文新加坡三位部长联名发文疫情几时会结束会怎样结束
4652745372209528,香港疫情香港今增本地个案与男地勤相关卫生署卫生防护中心公布截至今日日时分中心正调查宗新增新冠肺炎确诊个案新增的个案中宗为输入个案宗与本地个案有流行病学关连至今本港个案累计宗包括宗确诊个案和宗疑似个案该宗与本地个案有流行病学关连的个案涉及一名岁女子是个案的同事于大埔新达广场负责顾客服务工作最后上班日期为月日她于月日被界定为个案的密切接触者而被送往检疫中心其后于月日出现发烧同日入院中心的调查显示病人未有接种疫苗卫生署公共卫生化验服务处的基因分析仍在进行中以确定病人是否带有任何变异病毒株个案编号患者为名岁男香港航空地勤人员早前感染变异病毒株患者曾在大埔新达广场一楼兼职顾客服务工作至上周二日仍有上班网页链接大公文汇全媒体
4652745371423562,夜间天气贵阳市气象台年月日时发布目前各地多云有分散阵雨气温在之间预计今天傍晚至夜间阴天间多云转阵雨或雷雨主城区气温关注天景在线微信小程序及时掌握天气变化新冠肺炎疫情防控温馨提示温馨提示增强健康意识做好个人防护
4652745128415084,脱口秀海外脱口秀彪马叔实时秀为什么在新冠病毒疫情的隔离期间没有一个生育大爆炸脱口秀精选集的微博视频
4652745036137711,昆铁一线风采满意服务十分信赖近日近千名学子踊入建水参加教师资格证考试红河农业技术学院学生也从蒙自站乘动车到建水实习建水站迎来大客流车站快速反应落实大客流应急预案积极做好乘降组织疫情防控等工作保证旅客出行安全图文肖树华
4652744953039144,榮輝感謝台山社團總會邀請參與社區愛心服務義工啟動禮暨耆老顯關懷音樂會因疫情關係主辦單位十分細心做足準備籌辦難度是以往的數倍目的都是希望宣揚正能量及提提大家香港還有約十多萬位獨居長者和三十多萬的雙老基層仍需大家的關注和關懷
4652744918437291,周口市疫情防控指挥部办公室温馨提醒打完第一针别忘第二针月底前我市各县市区集中对第二剂次进行接种请接种完第一剂次满天的市民尽快到居住地就近的接种点进行接种以保证达到最佳免疫效果周口市疫情防控指挥部办公室温馨提醒打完第一针别忘第二针
4652744856309317,杨紫公益紫跟着杨紫做公益杨紫粉丝热心公益国家反诈中心守护大使杨紫杨紫提醒您疫情期间不造谣不信谣不传谣绿色生活方式公益推广大使杨紫杨紫呼吁大家绿色出行中国消防公益宣传使者杨紫杨紫提醒您用火防火不失火为国为家为你我中国妇女发展基金会母亲邮包项目宣传大使杨紫杨紫呼吁您一起传递爱与善林之校黄梓瑕余生请多指教
4652357818254752,我和党旗同框铁塔助力新基建信号守护人在路上回顾疫情防控最艰难的时刻中国铁塔中国铁塔湖北分公司四天四夜完成火神山雷神山医院铁塔基站新建工作在火神山医院方圆米范围内已建和改造个基站实现全覆盖可满足近万人的通话和手机上网需求顶梁柱关键时刻顶得住信号守护者们不顾危险突击完成医院通信应急建设让鲜红的党旗在抗疫一线高高飘扬共青团中央共青团中央
4652673436222789,我亲爱的法医这个真的不是林厌作者的号好像不在了这个是作者在疫情的时候画的
4652677424482773,台湾民众游行抗议民进党挡疫苗台湾上百民众游行抗议民进党挡疫苗岁老人想打大陆疫苗台湾民众想打大陆疫苗台湾地区新冠疫情持续扩散却陷入疫苗短缺的困境日上百名台湾民众上街游行抗议民进党当局挡疫苗进台指责民进党当局草菅人命还有民众向媒体表示想打大陆疫苗据台湾中时新闻网报道台湾反空污反莱毒顾健康全民联盟发言人徐尚贤日号召百名民众走上高雄街头抗议没疫苗可打的境况游行队伍二度绕至绿委赵天麟服务处徐尚贤朝该服务处丢水球抗议报道称游行队伍日下午时在文化中心前集结宣传车上挂上写着执政者草菅人命全民揭竿起义的布条约辆汽车辆机车以及上百名民众参与网页链接海外网台湾疫情
4652742855886081,疫情防控气象服务专报月日夜间到月日白天全市晴间多云部分地区有以上高温市区温度月日夜间到月日白天全市晴转多云部分地区有分散性阵雨或雷阵雨部分地区有以上高温市区温度月日夜间到月日白天全市多云间阴天局部地区有分散性阵雨或雷阵雨部分地区有以上高温市区温度临汾市气象台年月日时发布
4652742851691628,教育脉动资讯随行年月日档教育新闻直播间如约而至精彩看点大党一百年风华正青春超燃微视频奋进中国伟大壮举中国脱贫攻坚成就展网络展上线国家卫健委昨日新增确诊病例例均为境外输入病例广州疫情中高风险地区全部清零敬请关注新闻的微博视频
4652742477611165,各位市民朋友车管所东漖机动车登记服务点于月日恢复办公请预约后前往办理业务预约月日月日到东漖机动车登记服务点办理业务因疫情原因未办理的由车管所统一安排请各位车主保持手机信号畅通留意车管所的电话或短信通知需要提醒的是各位市民朋友不要着急前往按通知的时间有序办理请出示穗康码粤康码绿码佩戴口罩配合测量体温感谢您一直对广州车管的理解和支持
4652468329515296,日常私服宅了一个多月广州终于全面解封啦今天和小助理也收到短信通知及时去打了第二针疫苗中国作为世界人口大国在疫情控制和疫苗普及这方面做得都太棒了疫情之前基本上每个月都在出国的我必须说一句当你看过的世界越多越会由衷感受到生活在中国很幸福抱一抱
4652496590998850,来自朋友圈的图广州新华学院东莞疫情
4652678992627779,有网友问为啥打了疫苗发现怀孕了没事发现怀孕了却别打关于接种疫苗后发现意外怀孕的事情可以看我之前写的微博网页链接这是个很好的问题虽然表述不严谨这让我想起之前另外一个热门问题自来水不能直接喝水果不能直接吃但是为什么用自来水洗了水果后就可以吃简单的回答是半数致死量不同自来水中的余氯和可能的细菌是自来水不能直接喝的原因水果表面残留的农药是水果不能直接吃的原因但重点是农药的半数致死量远大于余氯和细菌自来水冲洗干净残留农药后水果表面剩余的自来水滴不足以让你生病就可以直接啃了所以回到疫苗的问题其实怀孕前后建议不同主要基于风险的对比这个问题本身有一点错误孕妇不能接种新冠疫苗不是绝对的比如美国孕妇就可以接种辉瑞和疫苗而在科兴的建议文件当中就认为孕妇接种科兴疫苗的获益超过风险另外女性接种科兴疫苗前不需要做妊娠检测也不需要因为接种疫苗推迟或者终止妊娠但是医学本身是非常保守的孕妇作为特殊人群在新冠疫情低风险地区接种疫苗的获益可能有限另外疫苗对孕妇和新生儿的影响也在持续监测中因此通常并不会主动建议孕妇去接种新冠疫苗注意可以接种跟推荐接种是两码事而对于接种疫苗后发现意外怀孕的女性终止妊娠对于女性本身以及胎儿的风险是明确的远大于疫苗可能给她和胎儿带来的风险所以归根到底还是权衡利弊的问题希望大家明白一个道理同样一件事在不同人群不同时间产生的风险可能是有很大差别的庄医生的疫情笔记家庭健康月
4652742024629014,广州荔湾北片区域恢复堂食中小学幼儿园明起恢复线下教学月日广州市荔湾区新型冠状病毒肺炎疫情防控指挥部连续发布通告自发布之日起荔湾区北片区域包括金花街西村街南源街逢源街多宝街龙津街昌华街岭南街华林街沙面街站前街彩虹街桥中街等条街道的社会餐饮服务单位恢复堂食服务荔湾区中小学幼儿园于年月日起恢复线下教学通告全文广州荔湾北片区域恢复堂食中小学幼儿园明起恢复线下教学
4652741895391368,最安全的家燕子一家八口在监控死角安家江苏南通一小区门口的摄像头边上一个燕子窝引人注目年以来共有十多只燕子从这里飞向蓝天小区居民说除了疫情期间燕子们每年都不缺席今年更是一窝生了个宝宝一家口其乐融融小燕子张嘴等待投喂的样子太萌了江苏新闻的微博视频
4652741895391368,最安全的家燕子一家八口在监控死角安家江苏南通一小区门口的摄像头边上一个燕子窝引人注目年以来共有十多只燕子从这里飞向蓝天小区居民说除了疫情期间燕子们每年都不缺席今年更是一窝生了个宝宝一家口其乐融融小燕子张嘴等待投喂的样子太萌了江苏新闻的微博视频
4652741609653367,印度拉达克我的评分半星中印边境附近的拉达克印度空军利用多架向拉达克运输各类物资美使馆互动时间准备今年夏天继续干架挖鼻你们知道吗印度疫情跃居全球感染第二的印度死亡人数增长率居然死亡人数才三十九万五挖鼻打卡个别探险的可以去不过印度人不大可能友好今年在那里抓了一个中国人推荐一星推荐不是特别喜欢或者执着的人不要去吐槽海拔高生活环境不好高原氧气不足生活条件很差地方还不稳定
4652715169547966,世卫全球疫情趋缓但德尔塔毒株肆虐堪忧世界卫生组织说全球冠病疫情有放缓迹象每日新增病例降至月以来最低死亡人数也呈下降趋势不过传染性更强的德尔塔变种病毒正在越来越多国家导致病例激增疫苗接种率高的国家也不例外全球抗疫形势仍严峻到联合早报网看全文
4652741211980756,东莞疫情解封感谢国家感谢政府终于解封了鼓掌东莞麻涌娟呀的微博视频
4652710098111868,疫情阻击动态广东东莞市麻涌封控小区解封广东东莞市新型冠状病毒肺炎疫情防控指挥部办公室刚刚发布第号通告结合疫情形势和防控工作进展经科学评估后调整该市封闭封控管理区域及相关防控措施这意味着整个东莞除了仍暂时保留广州新华学院东莞作为封闭区外其他地区已经全部解封光明日报全媒体记者吴春燕王忠耀
4652740837904016,出入境人员逃避检疫小车尾箱大变活人被蜀黍当场识破逃避检疫没门战胜疫情行动疫情在前警察不退豪宅最的微博视频
4652740267216311,吴哲晗圈粉瞬间疫情刷抖音不知怎么就刷到哲哥哥了起初还不咋认识直到这两个视频的出现我垂直入坑太帅了
4652609493533621,肖战公益一路有你肖战公益一路有你肖战公益一路有你心肖战正能量艺人肖战正能量艺人公益星动力心生活更美丽战疫尚未结束防控仍不可大意加油加油近期全球疫情形式出现新的复杂严峻情况疾控专家提醒我国在人群疫苗接种达到较高免疫水平之前无论是否接种疫苗在人群聚集的室内或封闭场所仍然需要继续佩戴口罩并遵循各地的具体的防控措施要求来再听一遍玖少年团肖战玖少年团肖战送来小贴士出门时一定要做好防护戴好口罩保护好自己祝大家安全快乐的度过每一天心心电视剧的微博视频
4652739839657422,因为疫情已经好久没买过国外的豆子了这次客人回国从比利时人肉背回哥伦比亚瑰夏蜜处理水洗耶加都是手冲可爱开喝冲冲冲
4652739839396702,我有时候真的好羡慕我弟岁还被爷爷奶奶当成岁小孩爸爸会因为深圳出过疫情不让他来深圳担心影响他填报志愿我说他岁了很多事情给了他建议就该让他自己做主了我奶奶却说他哪有你这么懂事很多年了还是会很委屈没有哪个小孩会无缘无故的懂事高一开学我自己一个人拖着行李去报道大学开学我还是一个人拖着行李去报道大学四年国庆天我会为了节省路费一个人呆在寝室度过假期可是我当年也才我以为是你们不知道深圳的疫情可发现在你们以为深圳是高风险地区的时候也从来没有想过主动打个电话问问我除了说我弟就再也没有其他话了我还心存幻想哪一天你们打电话给我只是想知道我过得好不好有的东西以为放下了可只是埋在了心底最深处深圳
4652739801384031,法硕热点民法典新增紧急监护条款民法总则本就是为民法典而特意制定年民法典两步走战略的第一步所以年民法典原封不动把民法总则移过来作为其总则编实质微调就一处即第条增加一款紧急监护条款动因就是新冠疫情因发生突发事件等紧急情况监护人暂时无法履行监护职责被监护人的生活处于无人照料状态的被监护人住所地的居民委员会村民委员会或者民政部门应当为被监护人安排必要的临时生活照料措施该条能有效避免儿童的父母因疫情等原因被隔离而无人照料的情况完善了因疫情等突发状况下对儿童的保护永平法硕录音与笔记购买程序专著筹资公益助学
4652739781461523,献给万武汉人的纪录片湖北卫视疫情纪录片团队拍摄的金银潭实拍天今日正片在微博上映在离炮火最近的地方医护患者家属在彼此生命的非常体验中共同面对生与死的考验本片透过五位病患及家庭的故事揭秘深处水深火热的金银潭里的笑与泪微博纪录片联盟微博纪录片的微博视频
4652739777008228,小强快评广东连续天本土零新增与德尔塔正面交锋尽快推进疫苗接种德尔塔毒株传染性有多强广州疫情广东新闻联播的微博视频
4652739591668515,出入境人员逃避检疫这六类行为将以妨害国境卫生检疫罪定罪处罚抗击疫情江西在行动联防联控江西在行动豪宅最的微博视频
4652691118097031,发个预告明天月日北京时间中午点悉尼时间美国西部时间月日我要和辣妹狮皿皿狮皿皿跨国连线聊一聊我们因为疫情很久都没能回去的老家顺便谈谈情说说爱大家有空就来找我们玩爱你罗套套的微博直播罗套套的直播间
4652739290465162,一线医护工作者喊你报医学视频里的一线如果你被绑架了你就眨眨眼自己已经身处火海怎么会忍心劝别人走这条艰难的路今年刚高考完的弟弟分被疫情时新闻的捧杀迷惑想要学医被我成功劝退这么高的分学什么不好趟学医这趟浑水学医你可能岁了没成家没存款没能力自己买房买车值不完的班全年没有节假日你干着非紧急避难人员的高危工作可是你没有其他非紧急避难人员的待遇医患矛盾紧张医疗环境恶劣糟心的事说都说不完随时冒着猝死的风险顶着高帽子干不死就得一直干
4652739081274346,北京新增例确诊例无症状感染者均为境外输入据健康北京公号消息月日时至时无新增本地确诊病例疑似病例和无症状感染者新增例境外输入确诊病例例境外输入无症状感染者无新增疑似病例聚焦新冠肺炎疫情新京报我们视频的微博视频
4652738815724268,热脸贴冷屁股台湾民间买疫苗自己出钱出力但蔡头都是爱理不理台湾疫情网页链接
4652738573765315,疫情防控月日万宁公安交警联合后安镇政府后安镇卫生院在日月湾景区设立移动疫苗接种点对过往车辆进行扫码检查查看疫苗接种情况
4652720496051689,新冠疫情在以色列重新爆发约的新增病例是由变异毒株引起的以色列可是世界上疫苗接种率最高的国家衰衰衰
4652727877243490,美国疫情这就算是彻底控制住了希望变种不会打我脸美国光新星美国疫情美国圣克拉拉李三金的微博视频
4652669879452458,国家统计局着力引导大宗商品价格向供求基本面回归随着统筹疫情防控和经济社会发展成果持续巩固市场需求稳定恢复工业企业经营状况不断改善企业利润持续稳定增长月份全国规模以上工业企业利润同比增长比年同期增长两年平均增长以年同期数为基数采用几何平均方法计算从月份当月看规模以上工业企业利润同比增长比年同期增长两年平均增长国家统计局着力引导大宗商品价格向供求基本面回归
4652674278232740,今年深圳的錢都不好賺不是排隊做核酸就是排隊打疫苗要麼就是去做核酸的路上大家都很忙沒人會關心你過得好不好深圳疫情深圳南山科技园
4652738145947067,因为疫情和身体原因一次次延期的婚礼今天终于礼成一切都是最好的安排心感恩心沈阳沈阳棋盘山绿地铂瑞酒店
4652737968997263,话筒广州交警关于荔湾大队交通违法处理窗口恢复对外办公的通告根据广州市人民政府网发布广州市新型冠状病毒肺炎疫情防控指挥部关于荔湾区芳村片区调整分级分类防控措施的通告第号通告明确荔湾区芳村片区鹤园小区除外在落实好疫情防控措施的基础上自月日起恢复对外人员和交通通行荔湾交警大队交通违法处理窗口广州市荔湾区塞坝路号将于月日起恢复对外办公尊敬的市民目前仍处于疫情防控时期为了您和他人的身体健康避免人员过度集中降低交叉感染风险建议广大车主和驾驶人优先选择交管手机广州交警电子警察云端办广州交警一般程序指尖办等便民途径办理交通违法业务确需到交警大队窗口办理的请登录广州交警微信公众号提前预约未预约的不予办理并正确佩戴口罩出示健康码穗康码粤康码等及小时内核酸检测阴性结果配合做好窗口防疫工作带来的不便深表歉意感谢您的理解与支持广州交警电子警察云端办登陆广州交警微信公众号业务办理违法事故大厅云端办理广州交警一般程序指尖办登陆广州交警微信公众号业务办理一般程序办理快速办理网上预约登陆广州交警微信公众号业务办理违法事故大厅交通违法预约全市各交警大队违法处理窗口地址登陆广州交警微信公众号业务办理违法事故大厅交通违法处理网点港航大队交通违法处理窗口暂停对外办公恢复时间另行通告我为群众办实事疫情防控广州公安在行动广州交警广州交警
4652737826916026,潘石屹清空亿资产套现转移到美国背后是什么情况财经理财今年年初的时候中国举行了一个表彰会潘石屹也参加了潘石屹说了这么一句话说以前年前要是有人骂他他肯定得骂回去年前要是有人骂他他可能忍住了不跟人家怼但是现在经过了种种的事情疫情或者是自己的种种商业上的一些情况他就现在感觉到自己太渺小了也学会谦卑了不像以前那么牛哄哄了微博视频微博视频薏菲财经的微博视频
4652737822198648,全力抗疫情西城在行动北京疾控提醒您预防疾病实验告诉您如何洗手才有效
4652737821935678,疫情下全球海运效率低物流成本飙升疫情下不仅严格防疫成为港口码头新常态全球港航物流的供需不平衡是更大的挑战深圳盐田港暴发疫情后近期一段时间中国南方的港口出现拥堵甚至蔓延到其他枢纽例如新加坡过去一周排队等泊位的集装箱船就增加了近四成内地疫情防控效率高这种短期难题很快就会解决但是海上物流的拥堵正在成为全球性问题全球疫情不退瓶颈就会越来越紧与此同时由于中国疫情防控情况较好外贸订单激增也进一步拉大了海运物流供需的差距广州南沙航外贸码头的集装箱已经堆到了内贸码头去拖车拥堵问题用预约制度和交通疏导得以解决但全球性的海运拥堵何时能缓解还视乎疫情的发展趋势和各国的管制政策凤凰卫视罗羽鸣李庭深广州报道
4652737800964596,商丘市疫情防控指挥部办公室提醒您为保障您和他人健康请遵守疫情防控有关规定少聚会勤洗手常通风吃熟食戴口罩自觉接种疫苗异常症状早就诊
4652737822198648,全力抗疫情西城在行动北京疾控提醒您预防疾病实验告诉您如何洗手才有效
4652737821935678,疫情下全球海运效率低物流成本飙升疫情下不仅严格防疫成为港口码头新常态全球港航物流的供需不平衡是更大的挑战深圳盐田港暴发疫情后近期一段时间中国南方的港口出现拥堵甚至蔓延到其他枢纽例如新加坡过去一周排队等泊位的集装箱船就增加了近四成内地疫情防控效率高这种短期难题很快就会解决但是海上物流的拥堵正在成为全球性问题全球疫情不退瓶颈就会越来越紧与此同时由于中国疫情防控情况较好外贸订单激增也进一步拉大了海运物流供需的差距广州南沙航外贸码头的集装箱已经堆到了内贸码头去拖车拥堵问题用预约制度和交通疏导得以解决但全球性的海运拥堵何时能缓解还视乎疫情的发展趋势和各国的管制政策凤凰卫视罗羽鸣李庭深广州报道
4652737800964596,商丘市疫情防控指挥部办公室提醒您为保障您和他人健康请遵守疫情防控有关规定少聚会勤洗手常通风吃熟食戴口罩自觉接种疫苗异常症状早就诊
4652684097880218,蒋丰微观年的东京奥运会曾推动交通革命然而受疫情影响本届东京奥运将无法带来这方面的福利我与日本最大的航空公司全日本空输株式会社董事长兼社长平子裕志对谈他坦诚地跟我分享了目前的经营困境但却没有一丝气馁而是展现出认真应对当下把握未来的态度打开百度搜索蒋谈收看完整版来听听我们都聊了啥日本国驻华大使馆日本国驻华大使馆蒋丰的微博视频
4652737284801542,疫情不能堂食很久都没有出来约会啦来打卡一下网红店的咖啡馋嘴很可爱味道还行不过下次不来了笑打包两个司康回去慰劳一下带娃的老爸老妈吧偷笑广州正在司康咖啡司康专门店长隆分店
4652737063815475,无惧感染伦敦万人上街游行示威受变种新冠病毒影响的英国疫情持续反弹单日新增宗确诊个案是月日以来最多再多名患者死亡当地时间日伦敦有上万人上街游行示威在商业中心和政府机构周围示威活动的诉求包括反防疫封锁等一些示威者还包围了唐宁街首相府几千人日在伦敦市中心游行抗议政府推迟四星期解除防疫措施认为封锁措施影响民众的自由和权利中央电视台报道为了预防与示威相关的暴力活动发生伦敦警方日开始突袭了三个地方没收了一些示威用具其中有用于封锁道路的竹制装置等警方宣布已逮捕至少人政府统计显示境内日新增人确诊感染者是自月日以来单日最高纪录过去一周将近万人病毒检测呈阳性较前一周增加约疫情升温引发质疑能否如计划于月日解除防疫封锁措施由于最先在印度发现的变异病毒株肆虐过去几周以来每日确诊病例相当快速攀升政府科学家认为此变异病毒株的传染力较先前的主流病毒株高出到如今已占英国境内几乎全部新增病例大部分新确诊病例都是尚未施打疫苗的年轻年龄族群截至日将近英国人口已接种至少一剂疫苗同时有人口已接种两剂英格兰公共卫生署最近的分析显示施打两剂英国使用的主要疫苗能高度有效预防感染变异株住院辉瑞疫苗保护效果达阿斯特捷利康疫苗则为有统计显示英国自年以来首次出现死亡率超过出生率的现象英国广播公司报道受疫情影响去年的死亡人数急速上升虽然去年共有万个宝宝出生但是死亡人数却接近万
4652737038123065,忧染疫没人照顾母刺死五岁女儿伦敦一名母亲在疫情封锁期间产生心理疾病极度忧虑自己可能会感染新冠病毒并且担心染疫死亡就没人能帮忙照顾女儿于是她在丈夫外出上班后持刀朝着年仅岁的女儿狂刺下同时也在女儿面前自残最后母女俩都被送往医院但小女孩已经死亡伦敦米查姆地区一名岁母亲舒莎原本不会讲英语是在年婚后才搬到英国丈夫眼里她是非常棒的好妈妈直到年秋天开始她不断抱怨一些莫名的病痛还多次到急诊室就医年夏天则开始说自己头晕体重剩下大约公斤等等镜报报道丈夫认为对新冠病毒的恐惧与疫情封锁是导致她崩溃的原因报道指出年月日上午舒莎要求丈夫不要去上班但丈夫向她解释自己必须工作将妻子与岁大的女儿莎雅琪留在家后就出门了舒莎开始向朋友们打电话抱怨自己的健康状况很糟但没有人察觉有异下午时许相处了年的邻居听到隔壁传来尖叫与哭声前去查看才在卧室发现了这对奄奄一息的母女舒莎躺在地上一片血泊中腹部有严重刺伤报道表示伤势严重的莎雅琪躺在床上颈部胸部与腹部都被刺伤邻居发现女童肩膀里还嵌着一把刀母女俩被紧急送医后莎雅琪被证实身中刀其中刀刺中心脏被宣布死亡而舒莎则治疗了好几个月舒莎向医生表示她非常害怕自己即将死去如果自己遭遇不幸那她不知道莎雅琪该如何活下去在杀人那天她好像在做梦我没有意识到我正在伤害她舒莎的丈夫在法庭上表示防疫封锁政策可能已对她的健康产生更负面的影响她认真对待这些限制对染疫感到害怕检察官比尔表示被告带着病态般的担忧罹患严重疾病却未被诊断案发前一晚舒莎曾明确询问丈夫如果她去世他是否会好好照顾孩子据报道舒莎被诊断出严重忧郁与精神疾病被强制送往精神科医院接受无限期的治疗
4652736573080899,来到一个新的城市认识一些新的朋友开始一段新的生活遇上了疫情今天正好全城变为低风险预约了广东省博物馆广州市图书馆满满的一天广东之旅就从博物馆开始
4652736534022608,家附近有个大商场以前走的是高端精致路线里面的品牌就没几个中国字一直非常冷清就是那种营业员比顾客多好几倍人走在里面听得见自己脚步声那种冷清疫情之后突然性情大变极速向其他商场靠拢增加了很多餐饮商户小孩子玩的小火车也开起来了各种儿童游乐项目也引进来了新引进的品牌也都是大家认识的了突然就变的非常接地气人气迅速上升现在已经火爆到很多商户要排队了以前的门可罗雀恍如隔世但是再也找不回以前的逼格了感叹一句得屌丝者得天下
4652698685411302,我对中国白酒的研究非常用心的关于武陵酒富硒抗癌是停留在我自己的人生经历悟出的真沒有科学统计数据支持年我父亲食道癌我们借钱买的药主要成分是硒也沒救活武陵是在湖北恩施和湘西桃源富硒一带下游百公里处我有此推断疫情期间我仔细统计中国各大酒厂所在地区舍得茅台五粮液汾老白干染疫概率最低与舍得一年十倍没有关系吗
4652734822748022,基层卫生院的人就能力不行呗在基层不仅要会拿药要会挂盐水要会看检验单要会体检现在疫情疫苗打针任务重然后妇保肺结核死亡证明慢性病随访量血压测血糖真不知道自己是能力差还是能力强
4652734781851738,天公不作美暴雨加打雷疫情没那么紧张可以出来闲逛吹吹风放松心情以为可以上桥欣赏美景失落透顶下雨汗广州花城汇
4652729823922022,凯尔希的医务室切勿盲目相信没有写在说明书上的功效罗德岛抗疫指南凯尔希博士我们需要进行疫苗注射以防止疫情的蔓延博士好的凯尔希这次注射的是科兴公司提供的疫苗吧我前两天在微博上有看到据说注射科兴疫苗后好像会变大变长变漂亮嘿嘿嘿污污污凯尔希喂喂喂博士你那是什么表情啊怒怒怒根据报告上看科兴疫苗并没有你期待的网络上写的那种特别功效博士还请科学理性切勿盲目相信没有写在说明书上的功效凯尔希
4652734248651683,东京奥运会即将到来日本疫情却未能得到控制日本想要彻底摆脱疫情的困扰还有一段相当长的要走当前日本各界都在担忧疫情无法控制可菅义伟所担忧的却是如何堵住那些反对者的嘴然而在奥运会问题上天皇都跟他唱反调日前日本宫内厅长官西村泰彦对记者说天皇非常担忧在新冠疫情的形势下举办奥运会是否会导致疫情扩散受日本现行宪法的限制德仁天皇很少对国政发表评论此次罕见做出如此表态以至于大部分日本学者和媒体都说这是战后皇室极为罕见的特例有日本学者批评菅义伟奥运会举办与否可不是什么政治问题而是科学问题现在的菅义伟也是一个头两个大了
4652733941940984,高明堂食最新通告不超过餐桌数佛山市高明区新型冠状病毒肺炎疫情防控指挥部办公室关于进一步调整餐饮场所防控措施的通告为进一步贯彻落实新冠肺炎疫情分类分级精准防控的工作要求根据全市疫情防控形势结合我区实际现就进一步调整我区餐饮场所防控措施相关事项通告如下一全区所有餐饮场所在原有恢复部分堂食服务的基础上大堂餐桌实际使用数量不超过餐桌之间距离不少于米二餐饮场所须实行亮码粤康码进场每桌每批次须登记一名联系人对于老年人未成年人及不能熟练使用智能手机的人员可由同行人员按规定代为在线上申领粤康码并出示或持彩色打印的粤康码绿码天之内有效进场三要求顾客落实进门三件事亮码测体温戴口罩开始进餐时才脱掉口罩进餐完成后立即戴上口罩在候餐区取餐区结账区落实一米线要求有条件的餐饮场所用餐区出入口分开设置四提供公勺公筷每桌每批次顾客用餐后餐饮单位应对桌椅进行消毒以上防控措施依据疫情风险评估结果动态调整本通告自发布之时起实施佛山市高明区新型冠状病毒肺炎疫情防控指挥部办公室年月日高明堂食最新通告不超过餐桌数
4652385593198337,受疫情影响原定年年末在巴黎蓬皮杜艺术中心举行的蔡明亮导演个展将推迟至年进行
4652721795236406,伦敦爆发反封锁大抗议人群绵延数英里推特网友质疑呢当地时间日英国伦敦爆发反对疫情封锁措施的大游行目前有关伦敦抗议的词条已经登上了海外社交媒体推特的热搜然而有网友发现该国著名媒体英国广播公司似乎选择了沉默看不见这场游行今日俄罗斯称英国首相约翰逊最近决定将该国重新开放的时间推迟到下月晚些时候然而这一决定并不受民众欢迎日示威者走上伦敦街头表达他们的不满还援引相关推测称当天的抗议人群数可能高达数十万有网友提到抗议人群绵延英里有推特网友提出质疑在相关图片和视频已经火遍推特的情况下英国广播公司却选择了沉默也有人为鸣不平称几小时前曾报道过有关新闻然而网友很快将这篇所谓的报道抓包有人表示这条新闻并没有出现在网站首页文章挂了分钟就塞到不知道什么地方了有人提到原文根本是避重就轻不是诚实的报道还有人质疑称现场抗议人数远超标题中声称的数千人是在撒谎环视频的微博视频
4652715173218995,彩礼种姓制度妇女地位印度童婚现象为什么屡禁不止印度疫情大暴发童婚现象加剧岁的男人和岁幼女结婚岁女孩有了婚约为襁褓中的婴儿举行婚礼未成年当母亲无尽的家务为何印度童婚现象屡禁不止印度女性的未来该何去何从风视频的微博视频
4652705635895758,暑假快到了中国好声音也要来了今年是中国好声音举办的第十年组办方有意改变原来只有四位导师的赛制增设五位导师其中张惠妹周杰伦都是导师之一在年初的官宣上周杰伦都已经露脸了但如今出现了一个小的变数因为台湾疫情的关系且情况一直没有好转周杰伦已经拒绝了节目组的邀约另外张惠妹考虑到往来大陆与台湾需要隔离且一去就是几个月她放心不下家里还是决定放弃了一下就有两个导师退出了节目组而节目组很快就继续寻找新的导师其中李克勤成为了代替周杰伦的导师这件事已经得到了他的经纪人霍汶希已经确认她表示组办方很欣赏李克勤的幽默与事业能够带领到学员进步而如果成事李克勤将会有逾千万的收入也将成为谢霆锋陈奕迅之后第三位来自香港的导师
4652735847203683,清理照片时发现除夕时整理的信息里面还包括新闻爆发时我在新加坡一无所知的旅行即使是在疫情依然还存在的今天这些好像都已经过去就让这些留下痕迹
4652734822748022,基层卫生院的人就能力不行呗在基层不仅要会拿药要会挂盐水要会看检验单要会体检现在疫情疫苗打针任务重然后妇保肺结核死亡证明慢性病随访量血压测血糖真不知道自己是能力差还是能力强
4652734781851738,天公不作美暴雨加打雷疫情没那么紧张可以出来闲逛吹吹风放松心情以为可以上桥欣赏美景失落透顶下雨汗广州花城汇
4652729823922022,凯尔希的医务室切勿盲目相信没有写在说明书上的功效罗德岛抗疫指南凯尔希博士我们需要进行疫苗注射以防止疫情的蔓延博士好的凯尔希这次注射的是科兴公司提供的疫苗吧我前两天在微博上有看到据说注射科兴疫苗后好像会变大变长变漂亮嘿嘿嘿污污污凯尔希喂喂喂博士你那是什么表情啊怒怒怒根据报告上看科兴疫苗并没有你期待的网络上写的那种特别功效博士还请科学理性切勿盲目相信没有写在说明书上的功效凯尔希
4652734248651683,东京奥运会即将到来日本疫情却未能得到控制日本想要彻底摆脱疫情的困扰还有一段相当长的要走当前日本各界都在担忧疫情无法控制可菅义伟所担忧的却是如何堵住那些反对者的嘴然而在奥运会问题上天皇都跟他唱反调日前日本宫内厅长官西村泰彦对记者说天皇非常担忧在新冠疫情的形势
4652733941940984,高明堂食最新通告不超过餐桌数佛山市高明区新型冠状病毒肺炎疫情防控指挥部办公室关于进一步调整餐饮场所防控措施的通告为进一步贯彻落实新冠肺炎疫情分类分级精准防控的工作要求根据全市疫情防控形势结合我区实际现就进一步调整我区餐饮场所防控措施相关事项通告如下一全区所有餐饮场所在原有恢复部分堂食服务的基础上大堂餐桌实际使用数量不超过餐桌之间距离不少于米二餐饮场所须实行亮码粤康码进场每桌每批次须登记一名联系人对于老年人未成年人及不能熟练使用智能手机的人员可由同行人员按规定代为在线上申领粤康码并出示或持彩色打印的粤康码绿码天之内有效进场三要求顾客落实进门三件事亮码测体温戴口罩开始进餐时才脱掉口罩进餐完成后立即戴上口罩在候餐区取餐区结账区落实一米线要求有条件的餐饮场所用餐区出入口分开设置四提供公勺公筷每桌每批次顾客用餐后餐饮单位应对桌椅进行消毒以上防控措施依据疫情风险评估结果动态调整本通告自发布之时起实施佛山市高明区新型冠状病毒肺炎疫情防控指挥部办公室年月日高明堂食最新通告不超过餐桌数
4652385593198337,受疫情影响原定年年末在巴黎蓬皮杜艺术中心举行的蔡明亮导演个展将推迟至年进行
4652721795236406,伦敦爆发反封锁大抗议人群绵延数英里推特网友质疑呢当地时间日英国伦敦爆发反对疫情封锁措施的大游行目前有关伦敦抗议的词条已经登上了海外社交媒体推特的热搜然而有网友发现该国著名媒体英国广播公司似乎选择了沉默看不见这场游行今日俄罗斯称英国首相约翰逊最近决定将该国重新开放的时间推迟到下月晚些时候然而这一决定并不受民众欢迎日示威者走上伦敦街头表达他们的不满还援引相关推测称当天的抗议人群数可能高达数十万有网友提到抗议人群绵延英里有推特网友提出质疑在相关图片和视频已经火遍推特的情况下英国广播公司却选择了沉默也有人为鸣不平称几小时前曾报道过有关新闻然而网友很快将这篇所谓的报道抓包有人表示这条新闻并没有出现在网站首页文章挂了分钟就塞到不知道什么地方了有人提到原文根本是避重就轻不是诚实的报道还有人质疑称现场抗议人数远超标题中声称的数千人是在撒谎环视频的微博视频
4652715173218995,彩礼种姓制度妇女地位印度童婚现象为什么屡禁不止印度疫情大暴发童婚现象加剧岁的男人和岁幼女结婚岁女孩有了婚约为襁褓中的婴儿举行婚礼未成年当母亲无尽的家务为何印度童婚现象屡禁不止印度女性的未来该何去何从风视频的微博视频
4652737284801542,疫情不能堂食很久都没有出来约会啦来打卡一下网红店的咖啡馋嘴很可爱味道还行不过下次不来了笑打包两个司康回去慰劳一下带娃的老爸老妈吧偷笑广州正在司康咖啡司康专门店长隆分店
4652737138524651,超低泰国酒店疫情过后躺着赚钱泰国酒店北京一套房泰国一个酒店韩磊不愤青的微博视频
4652737063815475,无惧感染伦敦万人上街游行示威受变种新冠病毒影响的英国疫情持续反弹单日新增宗确诊个案是月日以来最多再多名患者死亡当地时间日伦敦有上万人上街游行示威在商业中心和政府机构周围示威活动的诉求包括反防疫封锁等一些示威者还包围了唐宁街首相府几千人日在伦敦市中心游行抗议政府推迟四星期解除防疫措施认为封锁措施影响民众的自由和权利中央电视台报道为了预防与示威相关的暴力活动发生伦敦警方日开始突袭了三个地方没收了一些示威用具其中有用于封锁道路的竹制装置等警方宣布已逮捕至少人政府统计显示境内日新增人确诊感染者是自月日以来单日最高纪录过去一周将近万人病毒检测呈阳性较前一周增加约疫情升温引发质疑能否如计划于月日解除防疫封锁措施由于最先在印度发现的变异病毒株肆虐过去几周以来每日确诊病例相当快速攀升政府科学家认为此变异病毒株的传染力较先前的主流病毒株高出到如今已占英国境内几乎全部新增病例大部分新确诊病例都是尚未施打疫苗的年轻年龄族群截至日将近英国人口已接种至少一剂疫苗同时有人口已接种两剂英格兰公共卫生署最近的分析显示施打两剂英国使用的主要疫苗能高度有效预防感染变异株住院辉瑞疫苗保护效果达阿斯特捷利康疫苗则为有统计显示英国自年以来首次出现死亡率超过出生率的现象英国广播公司报道受疫情影响去年的死亡人数急速上升虽然去年共有万个宝宝出生但是死亡人数却接近万
4652737038123065,忧染疫没人照顾母刺死五岁女儿伦敦一名母亲在疫情封锁期间产生心理疾病极度忧虑自己可能会感染新冠病毒并且担心染疫死亡就没人能帮忙照顾女儿于是她在丈夫外出上班后持刀朝着年仅岁的女儿狂刺下同时也在女儿面前自残最后母女俩都被送往医院但小女孩已经死亡伦敦米查姆地区一名岁母亲舒莎原本不会讲英语是在年婚后才搬到英国丈夫眼里她是非常棒的好妈妈直到年秋天开始她不断抱怨一些莫名的病痛还多次到急诊室就医年夏天则开始说自己头晕体重剩下大约公斤等等镜报报道丈夫认为对新冠病毒的恐惧与疫情封锁是导致她崩溃的原因报道指出年月日上午舒莎要求丈夫不要去上班但丈夫向她解释自己必须工作将妻子与岁大的女儿莎雅琪留在家后就出门了舒莎开始向朋友们打电话抱怨自己的健康状况很糟但没有人察觉有异下午时许相处了年的邻居听到隔壁传来尖叫与哭声前去查看才在卧室发现了这对奄奄一息的母女舒莎躺在地上一片血泊中腹部有严重刺伤报道表示伤势严重的莎雅琪躺在床上颈部胸部与腹部都被刺伤邻居发现女童肩膀里还嵌着一把刀母女俩被紧急送医后莎雅琪被证实身中刀其中刀刺中心脏被宣布死亡而舒莎则治疗了好几个月舒莎向医生表示她非常害怕自己即将死去如果自己遭遇不幸那她不知道莎雅琪该如何活下去在杀人那天她好像在做梦我没有意识到我正在伤害她舒莎的丈夫在法庭上表示防疫封锁政策可能已对她的健康产生更负面的影响她认真对待这些限制对染疫感到害怕检察官比尔表示被告带着病态般的担忧罹患严重疾病却未被诊断案发前一晚舒莎曾明确询问丈夫如果她去世他是否会好好照顾孩子据报道舒莎被诊断出严重忧郁与精神疾病被强制送往精神科医院接受无限期的治疗
4652736573080899,来到一个新的城市认识一些新的朋友开始一段新的生活遇上了疫情今天正好全城变为低风险预约了广东省博物馆广州市图书馆满满的一天广东之旅就从博物馆开始
4652736559189569,超亚小王子外科口罩只拍下减成人儿童款都有环氧乙烷灭菌干净卫生防护力也疫情没结束外出记得戴口罩需要的囤起
4652736534022608,家附近有个大商场以前走的是高端精致路线里面的品牌就没几个中国字一直非常冷清就是那种营业员比顾客多好几倍人走在里面听得见自己脚步声那种冷清疫情之后突然性情大变极速向其他商场靠拢增加了很多餐饮商户小孩子玩的小火车也开起来了各种儿童游乐项目也引进来了新引进的品牌也都是大家认识的了突然就变的非常接地气人气迅速上升现在已经火爆到很多商户要排队了以前的门可罗雀恍如隔世但是再也找不回以前的逼格了感叹一句得屌丝者得天下
4652698685411302,我对中国白酒的研究非常用心的关于武陵酒富硒抗癌是停留在我自己的人生经历悟出的真沒有科学统计数据支持年我父亲食道癌我们借钱买的药主要成分是硒也沒救活武陵是在湖北恩施和湘西桃源富硒一带下游百公里处我有此推断疫情期间我仔细统计中国各大酒厂所在地区舍得茅台五粮液汾老白干染疫概率最低与舍得一年十倍没有关系吗
4652736194809796,他毕业了好难过但是还是得接受自从疫情爆发就感觉大学和他待着的剩余的时间过得飞快不知不觉现在已经变成真正的异地恋了昨天晚上哭了好久今天在高铁站到点他快检票的时候哭的哽咽了眼泪鼻涕直流有时候情绪真的控制不住虽然以后又不是见不到但是还是感觉很难受毕业季的分别真的挺伤感的唉但是祝福的话还是要说的祝我的敏杰前程似锦前路漫漫亦灿灿希望你继续兴致盎然地与世界交手一直走在开满鲜花的路上
4652731941258768,深圳确实没有任何归属感很无聊且很无趣很需要认识新的人然而没有认识人的机会调整了一个周末感觉也许应该把精力放在寻找兴趣点找到方向提高自己的工作能力上想再努力一点而不是情绪精力动力会被别人牵制做自己等深圳疫情好点急需回一趟上海或永城
4652731765362764,和王渣渣的快乐六月开箱记录插花盲盒与我无缘一整个月广州这座城市都被疫情笼罩着幸好最近终于都慢慢恢复啦祝大家拥有一个美好的周末呀爱喝奶茶的的微博视频
4652731476739464,台湾疫情台北万华出现外籍男子在街头因新冠猝死日本为何迟迟未研发出新冠疫苗促进统一根据台湾联合新闻网报道昨天晚间近时台北街头发现一名外籍男子倒卧路边警方立即通报并在救护人员到场前先按救护人员指示施以心肺复苏术但外籍男送医后仍宣告不治晚间时许医院联系警方死去的外籍男新冠肺炎确诊这就是湾湾不普筛的后果猜测此外籍男子应该是外籍劳动力根本就没有被纳入湾湾防疫视野才会导致街头猝死的惨剧可见湾湾的隐患破口会有何其之大摊手话筒
4652731236877437,带着微博去印度饮恒河水喝牛尿疫情悲惨炼狱的背后印度是如何深陷泥潭难懂阿三的世界的微博视频
4652730884560248,广州这几天依然晴天中时不时来场大骤雨伴点雷声湿度高闷热月的广州也是大啖荔枝的季节这几天广州的好消息不断今日连续天零新增全市低风险区今天连芳村也恢复了堂食与德尔塔病毒正面刚三十八天后广州终于迎来了曙光月日钟院士的对疫情的最新研判广州
4652718411482880,台湾疫情孤独的身影
4652730775242264,湖北小伙抽得一辆车后转送老家村支书借花献佛希望能帮到老家留守的爷爷奶奶们近日武汉黄陂小伙网上留言老家村支书每天免费为全村送快递暖到众人据悉小伙老家地理位置偏僻村里超三分之一都是留守老人老家支书在疫情期间曾每天跑几十公里为全村送快递小伙得知因给村支书的感动留言获赠新车后立马把车寄回了老家他称老家比较偏僻村子里留守老人比较多成叔叔村支书每天花不少时间给老人们拿寄快递挺辛苦的知道成叔叔车子坏了后才把他的事情分享出来了希望能帮上他自己也算是借花献佛了极目新闻的微博视频
4652730712592741,来自远方年时给我的震撼是在于所有人都热情毫无保留的照顾因事件登陆小岛上惊慌失措的旅客们再听让我感觉糟糕透了疫情以后这样温暖的陌生的人与人之前的关系也许不复存在我会想如果我也在其中一架飞机上她们会像照顾白人一样照顾少数族裔吗我不知道
4652712300382404,又一个下跪的台湾男子在金门回不去本岛高喊县长菜英文陈时中我给你们跪下了让我回去吧疫情原因航班取消每天早上五点去候补都没票中事台湾中事的微博视频
4652730524632356,抗击疫情海口第一批新冠疫苗移动接种车月日起停止使用月日海南日报海南日报记者从海口市卫健委获悉当前海口移动接种车基本已完成接种工作接种工作点设置将从固定移动临时接种点转为固定接种海口市第一批辆移动接种车将于月日停止使用第二批辆移动接种车将于月日停止使用截至月日海口已累计完成接种新冠疫苗万余剂万余岁以上人群接种率已达作者张期望王聘钊详戳海口第一批新冠疫苗移动接种车月日起停止使用
4652733485023900,泰国事儿泰国总理府发言人强调最高严控区府不封城泰国网报道据泰媒月日消息泰国总理府办公室发言人阿努查宣布泰国总理兼国防部长巴育上将与相关部门工作人员在疫管会议上提出的防疫政策阿努查表示政府公报网发布的自月日正式实施的相关防疫规定即会议讨论结果泰国将加强包括曼谷佛统暖武里陶公巴吞他尼北大年也拉宋卡北榄龙仔厝个疫情最高严控区的管控措施有效防止疫情传播虽出台关闭建筑工地天餐馆不可堂食及限制商场营业时间至等相关规定同时还在上述府进出口设检查站以例行检测工作但阿努查强调上述地区不封城泰国疫情来源网页链接
4652733405858286,美媒美国超新冠死亡病例未接种疫苗据美联社日报道通过分析发现美国超过的新冠死亡病例都是未接种疫苗的人报道称通过分析美国疾病控制和预防中心月发布的疫情数据发现美国当月有超过万人因新冠肺炎住院而其中只有不到人约占完成疫苗接种而在约万例新冠死亡病例中只有例约占接种了疫苗有美媒报道称美国报名接种新冠疫苗的人数越来越少接种率一直在下降由于传染性更强的德尔塔变异毒株日益受到关注美国卫生官员正在敦促大众接种疫苗中新社
4652732935833698,武汉这两年像是被赋予了什么使命一样好不容易从疫情里爬出来今年又过半泡在水里淹了好几次今天又下爆了从家里来单位短短十多公里路沿路渍水七八起追尾一路上满地掉的都是汽车零件车主们一个个或挽着裤管或拎着裙摆站在水里满脸无奈连吵架的劲儿都没有
4652732777236869,亚森罗苹据说一开始的拍摄计划就是十集但因为疫情关系中断年初先行放出第一部分本月网飞刚播出了第二部分差点以为法国人翻拍黑人版鲁邦三世了结果是现代绅士怪盗致敬篇原以为是那种独立成章充满奇思妙想的盗窃案结果就是一个延续了二十五年的父仇子报一环扣一环引出诸多往事跟男主成长的点点滴滴几个反转还算是恰如其分的推进了剧情没有太过狗血之处也从各个侧面表达了种族议题有色人种在白人世界里受到的歧视其实无处不在即便是在德法这样的圣母国度人是不会改变的分
4652732764652031,疫情啊疫情你啥时候能好不能堂食外卖还要下楼拿泪
4652732709605816,月日美国科罗拉多州阿瓦达市警方证实在日发生的枪击案中见义勇为打死了枪手的当地居民约翰尼赫尔利反而被警察开枪打死呵呵美国就不奇怪了每年死在枪下的美国人好比内战一样这是别国内政我们不干涉据美媒日前报道在美国解禁的三个多月时间里枪击暴力袭击案件比疫情前多了两倍以上早在去年七月份纽约时报就报道了疫情期间别的店铺都非常萧条但各大武器店内人满为患排队一直从排到了大街上民众购买枪支的欲望增长美国离天堂最近但却只有通往地狱的列车自由美利坚枪击每一天美国人自己也曾有个冷笑话美国为什么不禁枪因为美国有警察
4652732629911909,记录日常不能断片生机勃勃的六月要再见了今年初夏的时光是平和的缓缓的安宁内在自我平衡而健康真是幸福呢初夏也做了好多事儿疫情前有几场周边游虽然五一游回来后家里次卧全部泡水但也因祸得福即有了和物业谈判的有趣经验还顺势把鸡肋的次卧全拆了打造成了实用的活动房没自己花一分钱一年多的停车费也免了最主要是小家伙喜欢得不得了奥特曼每次和娃有了有趣互动都遗憾自己不会画画文字记录起来就失去了画面感太多好玩的日常了某个睡醒的午后我独自起床刚坐起熟睡的小家伙立马起身站立走过来把我抱住后站着继续熟睡有种动物幼崽凭嗅觉依赖母亲的感觉睡觉如果看我脸朝着或者抱的是爸爸一定用手硬把脸掰向他今天睡觉冒出一句妈妈两只手只能抱我一个人幼儿园报名马上要出结果最需要父母的时光我和老涂都在用心陪伴教育没有遗憾了微风希望每一个寻常的日子都能如此饱满
4652732248755058,快讯台湾灾情扩大屏东人群聚全数感染德尔塔变异毒株环球网快讯记者赵友平中时新闻网刚刚消息台湾屏东一对从秘鲁返台的祖孙确诊经基因定序后确定感染德尔塔新冠肺炎变异毒株陆续传给人台湾地区疫情流行指挥中心日公布人的基因定序结果皆为德尔塔变异毒株屏东枋山两个乡扩大筛检人到目前为止全数是阴性另也扩大居家隔离人数达人苏州身边事苏州爆料最新疫情地图
4652723238342832,关于荔湾区恢复校园线下教学的通告据广州荔湾发布广州荔湾发布最新消息按照广州市关于调整风险等级的有关通告荔湾区全域为低风险地区根据上级疫情防控工作要求结合当前疫情防控工作形势现通告如下荔湾区中小学幼儿园于年月日起恢复线下教学各学校要严格做好师生健康监测进校前实行扫码测温手消毒加强食堂课室宿舍等重点场所通风消毒全方位强化校园及周边环境整治加强食品安全和校园安全管理严控校内聚集性活动不举办跨区域跨校跨班级活动广州市荔湾区新型冠状病毒肺炎疫情防控指挥部年月日
4652732001029535,投稿脸上的斑好几年了一直想去皮秒结果去年疫情啥的还有其他事情就拖到了现在医生说是褐青斑那种要做超皮秒果然疼飞了郑州祛斑
4652731941258768,深圳确实没有任何归属感很无聊且很无趣很需要认识新的人然而没有认识人的机会调整了一个周末感觉也许应该把精力放在寻找兴趣点找到方向提高自己的工作能力上想再努力一点而不是情绪精力动力会被别人牵制做自己等深圳疫情好点急需回一趟上海或永城
4652731765362764,和王渣渣的快乐六月开箱记录插花盲盒与我无缘一整个月广州这座城市都被疫情笼罩着幸好最近终于都慢慢恢复啦祝大家拥有一个美好的周末呀爱喝奶茶的的微博视频
4652731652900130,刚刚突然的一场大风大雨差点把我给吹飞了我就知道广州天气又得上当然我希望广州永远因天气原因上也不要因疫情上
4652731530219237,深圳的士司机点对点接送隔离中考生深圳隔离中考生如何到考场记者跟拍的士司机点对点接送全程月日是深圳中考第一天两天前深圳安达运输有限公司接到转运交通保障任务要配合市教育局学校交警卫健等部门完成南山区隔离考生的点对点中考闭环转运工作据悉这是自疫情以来深圳首次由出租车承担防疫相关转运工作视频视频的微博视频
4652731476739464,台湾疫情台北万华出现外籍男子在街头因新冠猝死日本为何迟迟未研发出新冠疫苗促进统一根据台湾联合新闻网报道昨天晚间近时台北街头发现一名外籍男子倒卧路边警方立即通报并在救护人员到场前先按救护人员指示施以心肺复苏术但外籍男送医后仍宣告不治晚间时许医院联系警方死去的外籍男新冠肺炎确诊这就是湾湾不普筛的后果猜测此外籍男子应该是外籍劳动力根本就没有被纳入湾湾防疫视野才会导致街头猝死的惨剧可见湾湾的隐患破口会有何其之大摊手话筒
4652731236877437,带着微博去印度饮恒河水喝牛尿疫情悲惨炼狱的背后印度是如何深陷泥潭难懂阿三的世界的微博视频
4652730884560248,广州这几天依然晴天中时不时来场大骤雨伴点雷声湿度高闷热月的广州也是大啖荔枝的季节这几天广州的好消息不断今日连续天零新增全市低风险区今天连芳村也恢复了堂食与德尔塔病毒正面刚三十八天后广州终于迎来了曙光月日钟院士的对疫情的最新研判广州
4652718411482880,台湾疫情孤独的身影
4652708676765472,因为害怕疫情定好的演唱会推迟一年到现在还没举办怕给大家添麻烦一整年没有回家姐姐生了小宝宝都没有敢回去排练音乐剧一整天带着最厚的口罩唱歌每周去做核酸戳鼻子就连开直播都考虑因为疫情局势各位的心情明明是这样的人为什么还要质疑他是不是因为打了疫苗所以掉以轻心了根本不想关心哪个国家疫苗可以哪个国家疫苗不可以行吗有的网友真的很没有礼貌
4652728251319531,大家好前边几个视频记录了我在摄影森林瀑布的前期拍摄过程最近疫情期间宅在家里今天给大家讲解一下森林瀑布的后期流程不少朋友有误区认为后期修图非常重要其实后期在一幅好照片里占的因素一般不算太多最重要的还是我们自身的美学修养与前期拍摄随手拍一夏微博摄影风光摄影摄影教程微博视频微博视频作品欣赏微博西瓜公众号自然摄影师雷雨自然摄影雷雨的微博视频
4652727853121569,韩总理全力以赴加强韩国疫情韩国时局韩国国务总理金富谦日主持召开中央灾难安全对策本部会议并表示将追加指定变异病毒流行国家网页链接
4652727831890174,抗击疫情云南在行动钟南山说过去的密接概念已不适用钟南山院士日表示由于德尔塔变异株患者的病毒载量高呼出病毒浓度大传染性极强所以过去的密接概念已不适用现在密接者的概念是在同一空间同一单位同一建筑在发病前四天和病人相处在一起的都是密切接触者钟南山称密接的概念应更新人民日报的微博视频
4652727823763593,大马有多种苗包括美苗但再次宣布封城印尼有多种苗包括美苗但感染和死亡都再次创新高菲律宾的苗储备全东南亚之最甚至可以说世界发展中国家里的佼佼者但是总统急得以恫吓的方式催促民众打苗东南亚除了坡县基本就是各有各的力不从心以上说明什么疫情的防控除了跟郭嘉政策有关跟多种类苗分散风险有关跟施打率更是息息相关一般得打到以上才有资格说疫苗的效率吧只会把气撒到疫苗上也不看看自家的施打率可怜的连都没有就算是我看你们也是玩儿完有今天这个局势最可怜的是普通老百姓没错但是拖后腿的人太多也是你们的
4652727751674508,摩尔庄园世界上的另一个我和多多乌龙多多乌龙一起拍的所有镜头都是我俩这两天在游戏里拍的兔子最近因为广州疫情我许久没出门却也能在稻田上跳舞爬雪山看星月去薰衣草田捉蝴蝶和一直陪伴着我的世界上的另一个我游戏里游戏外还有很多浪漫共同感知你还在做梦吗的微博视频
4652727742759891,原平市子干乡持续深入开展人居环境六乱整治百日攻坚专项行动中国小康企业网讯原平市农村人居环境整治工作开展以来子干乡党委政府高度重视在全力抓好疫情防控等各项工作的前提下狠抓人居环境整治问题大排查措施更强硬效果再提升村容村貌得到了有效提升人居环境得到了全面改善连日来子干乡乡村两级干部积极响应原平市人居环境整治百日攻坚会议精神广泛宣传发动党员干部带头参与对交通主干线村庄街巷田间地头农户庭院等重点区域进行了为期一月的清理整治尤其对近期连续降雨道路泥泞垃圾清运车辆出行不畅产生的积存垃圾动用大型装载机挖机铲车拉运汽车采取雨天拉下晴天补白天拉下晚上补的办法对近日六乱整治反弹行为进行了又一次回头看将存在问题彻底整改到位我乡将继续巩固前期的工作成效补齐短板坚持集中整治为基础长效管理为保障的原则以改善村容村貌为抓手切实维护群众切身利益为己任不断提高群众的幸福感获得感和安全感同时把加强农村人居环境整治工作作为一项常态化政治任务来抓对拒不配合和故意破坏环境整治成果行为给予严厉打击为建设宜居宜业宜游的大美子干营造良好的生产生活环境责任编辑张会青
4652475875067621,年轻人的消息就是比我们灵通家附近新开了一家餐厅包罗世界美食有南美北美澳洲亚洲非洲欧洲及本土菜系小吃货一声召唤我们去试吃我和她爸马上响应我们点了以泰式菜为主疫情来两年多没踏上亚洲这片土地甚是想念泰国菜我吃了先生吃了绿咖喱鸡肉很有泰味相当满足意大利
4652460599675262,周知佛山南海日起恢复部分堂食据南海发布微信公号消息佛山市南海区新型冠状病毒肺炎疫情防控指挥部发布通告称月日起南海全区除封闭管理区域外所有餐饮场所恢复部分堂食服务其中桂城街道大沥镇里水镇餐饮场所的大堂餐桌实际使用数量不超过其他区域大堂餐桌实际使用数量不超过南海发布
4652490669165811,帆布小镇今夜无法入眠巡演宁波站防疫要求如下大家记得带好口罩配合疫情防控
4652353015515943,现场直击深圳中考封控区内考点直击深圳中考封控区内考点每间考场座位最少个最多个根据新冠肺炎疫情防控要求位于福永街道的下十围小学新增为宝安的第个中考考点不仅仅因为它是今年全市唯一设在小学之内的中考考点更因为它要接纳福永街道福围社区封闭区封控区内名初三考生在此中考以及名初二学生在此参加学业水平考试月日上午下十围考点考生已全部顺利开考视频的微博视频
4652725960705042,广州疫情有所好转但未完全胜利大家还要继续坚持做好常态化防疫助力早日清零打广州疫情广州全市均为低风险地区
4652671522833901,台积电董事长全球缺芯归根结底是疫情造成的美国不应试图转移供应链近日台积电董事长刘德音在分钟节目中表示自己能理解美国对大多数芯片都在亚洲生产而担忧但行业的短缺问题归根结底是疫情造成的刘德音认为美国应该追求跑得更快投资研发培养更多博士硕士本科生进入该领域而非试图转移供应链这样的成本非常高并且不具生产力快科技
4652725742338476,防疫人的心酸我也已经很多天没有见到下班后还醒着的凌小航了每天下班回家已经是深夜早上短暂的见孩子一面给他刷个牙穿个衣服又要匆匆去上班假期是不存在假期的准时下班就算假期接种疫苗有累也有成就感多种一份疫苗就为国家防疫事业多做一些贡献只希望疫情快些结束疫苗接种快些完成我想晚上能够哄凌小航睡觉而不是我每天回家他已经睡了早上死死粘着我不让我上班正常上班天天可以陪他的时候凌小航都是主动和我说拜拜的
4652725671560822,日本疫情有点明白为什么日本总是对提不提供酒有执念了因为判定密接的标准是一米内有言语交流连续分钟对饮就相当符合这个标准其它还有啥
4652724815663174,陈情令开播两周年梦回的夏天年的夏天真的很美好没有疫情可以随便走不用戴口罩随便去了个城市回来发现南京真的好温柔反正我现在是这么认为的可能我还没遭受社会的毒打梧桐也好美追了一部让我在坑里再也没有出来过的剧绝绝子无忧无虑的过完了整个夏天陈情令肖战永远的白月光
4652670599564663,昨天接种了第二针疫苗在疫情面前真的感受到生活在中国的幸福和安全这不是空话套话是切身感受从接种疫苗前的短信提醒到接种疫苗后的电话追踪我们的党和政府工作人员把工作做得细致到位我们的医疗工作人员不辞劳苦加班加点
4652725385826421,买到不甜的西瓜怎么办认准山东潍坊西瓜准没错让你甜到忧伤去年疫情留守在家拍的照片终于用上了青州市
4652601100206672,钟南山谈变异毒株建立免疫屏障迫在眉睫钟南山称建立免疫屏障迫在眉睫中国工程院院士钟南山日在接受记者采访时表示广州疫情是我国首次应对最早在印度发现的新冠变异德尔塔毒株带来的社区传播目前已经取得了阶段性成绩但其他地区也需要提前做好防范从这次疫情看德尔塔毒株具有传染性强等特点建立免疫屏障迫在眉睫钟南山表示现在全世界面临着德尔塔毒株流行它会进一步损害全球的经济发展一方面是疫情防控要做得好另一方面是经济要继续发展两方面必须有一个高度的平衡艺术钟南山说要建立一个新的平衡除了严格遵守群防群控的措施还要尽快推进疫苗注射建立人群的免疫屏障从以色列美国英国的结果看起来接种疫苗后感染率明显降低所以建立免疫屏障迫在眉睫钟南山表示从实验室结果来看疫苗对变异毒株的中和能力有所下降但依然有保护作用从广东多例病人的初步分析来看疫苗接种以后在预防接种者发展为肺炎以及发展为重症等方面均有一定效果新华网阿法
4652725017514438,煲仔饭肥仔餐登机吃完全程躺平睡疫情一个多月没出门上海杭州跑一圈开心到上天沪穗快线机组工作量爆灯抬轮后分钟开始工作降落前分钟停手中间分钟打仗一样摆盘发餐搞服务两段航班之间才有工夫吃两口饭
4652724676985008,房屋预订网站最近宣布与合作推出专为房东设计的系列家居用品系列共有件包括餐具托盘衣架打扫用品等希望能在后疫情时代为旅客们带来更好的生活体验
4652724483788041,新加坡疫情截至月日中午点新加坡新增例冠病病例累计万例输入性病例例抵达新加坡后就接获居家通知或被隔离例公民或永久居民本土传播病例例社区例客工宿舍例例与之前确诊病例有关其中例已被隔离例当局主动检测发现例与其他病例暂无关联月日至日中午人入境新加坡月日至日中午名确诊病例的密切接触者接到隔离令卫生部指出月日至日通报的例病例中例的血清检测结果呈阳性例呈阴性其余例结果未出炉信息图来自卫生部网站新加坡
4652698072255768,李克勤填词中時娛聞周董阿妹相繼請辭傳李克勤李克勤救火好聲音千萬台幣入袋中國好聲音今年十周年原預計盛大舉辦無奈遇上台灣疫情爆發周杰倫張惠妹昨相繼請辭今傳李克勤以逾萬港幣約近萬台幣酬勞受邀擔任好聲音本屆導師對此李克勤所屬的英皇經理人霍汶希未否認傳聞表示因為中國好聲音主辦單位好欣賞克勤既幽默又專業能帶領學員進步此次被邀請好開心且相當榮幸據知在眾多天王級歌手中被選中全因李克勤個性幽默且暖心是少數在香港橫跨及五個年代仍維持知名度和保持定期出唱片的男歌手不僅在四個年代年代至年代均能獲得四台歌曲及歌手獎項更於年成為第一位擁有五台冠軍歌的男歌手截至年度已獲十大中文金曲頒獎典禮的優秀流行歌手大獎次數達次歌唱實力無庸置疑
4652724073792992,会发一些鲜艳的过期游记月亮如果不是疫情我又可以多一波照片悲伤
4652723981259404,深圳的士司机点对点接送隔离中考生深圳隔离中考生如何到考场记者跟拍的士司机点对点接送全程月日是深圳中考第一天两天前深圳安达运输有限公司接到转运交通保障任务要配合市教育局学校交警卫健等部门完成南山区隔离考生的点对点中考闭环转运工作据悉这是自疫情以来深圳首次由出租车承担防疫相关转运工作视频视频的微博视频
4652723402705187,持续学佛诵经第天诵经功德殊胜行愿以此功德回向回向父母师长身心适悦平安喜乐内心清净寿康法永广利群生回向见闻者得度回向世界和平人民安乐国家富强政通人和疫情早日褪去人心向善回向各个道场海众安和正法永住回向冤亲债主历代宗亲和众生们所误杀错杀的所有生灵们以我诵经功德仰仗阿弥陀佛加持之力解冤释结广种善根共成佛道愿你们早证菩提得生净土回向法界一切众生离苦得乐回向阿耨多罗三藐三菩提回向自性回向大菩提心回向与众生圆融无碍慈悲喜舍饶益众生无有结怨愿以此功德庄严佛净土上报四重恩下济三途苦若有见闻者悉发菩提心尽此一报身同生极乐国南无阿弥陀佛南无阿弥陀佛南无阿弥陀佛南无阿弥陀佛南无阿弥陀佛南无阿弥陀佛南无阿弥陀佛南无阿弥陀佛南无阿弥陀佛南无阿弥陀佛善学讲堂净土宗
4652723217895656,出入境人员逃避检疫在华外国人拒绝检疫将承担法律责任驱逐出境十年内不得入境在中国就得遵守中国的法律抗击疫情豪宅最的微博视频
4652686991427082,疫情后遗症之剥了十分钟还在剥同一只技能缓慢重启中上海孜食问火金虹桥店
4652722991139565,好想念香港啊上一次的照片已经是年月最后两天当时和乐乐奔着月号去的和乐欣乐乐三个人在文华底下看着忙碌着搬花布置的粉丝哭了后来年下半年音乐会也没去只能在群里看大家发的照片和视频年直接疫情杀到通关成了漫漫日子的遥远期望本来乐乐想因为香港留在珠三角后来说出国现在也决定北上离开广东了我还想着毕业前和她再去一次现在看也很难了而且我是因为乐乐认识乐欣如今她们俩已经断交剩下我偶尔发去节日问候也有点尴尬原来很多时候我们想着下次一定却往往没有下次了那样的心情那样的兴致再无法复制粘贴其实我一直无法深入感受香港所有天内需离境的人都没办法深入体会一座城市的动静需要很多日和夜创造许多精彩的回忆才能摸清用了二十余年感受东莞两年多三年感受广州因为深入了解所以热爱所以我不是热爱香港因为从来都只是以影视剧音乐的方式以及多次两三天的停留去感受是不够的
4652722861638647,美索县一夜之间确诊例泰国社会头条泰国疫情新冠肺炎疫情泰国消息更新泰国头条新闻社讯据泰媒最新消息美索医生脸书发布关于来兴府美索县最新疫情情况推文消息并且表示一夜之间美索县确诊了大量感染患者该脸书博主发布推文内容显示美索县检测人检测结果呈阳性患者有人其中人结果尚不完全确定之后已经把患者区分开来并送到各大医院治疗点医务室人员一晚上都在忙碌这件事情然而此事就发生在一夜之间最后请民众都佩戴好口罩不要去公共场所还要勤洗手口罩的正反面都不要用手去触碰来源于编译知否网页链接
4652722991139565,好想念香港啊上一次的照片已经是年月最后两天当时和乐乐奔着月号去的和乐欣乐乐三个人在文华底下看着忙碌着搬花布置的粉丝哭了后来年下半年音乐会也没去只能在群里看大家发的照片和视频年直接疫情杀到通关成了漫漫日子的遥远期望本来乐乐想因为香港留在珠三角后来说出国现在也决定北上离开广东了我还想着毕业前和她再去一次现在看也很难了而且我是因为乐乐认识乐欣如今她们俩已经断交剩下我偶尔发去节日问候也有点尴尬原来很多时候我们想着下次一定却往往没有下次了那样的心情那样的兴致再无法复制粘贴其实我一直无法深入感受香港所有天内需离境的人都没办法深入体会一座城市的动静需要很多日和夜创造许多精彩的回忆才能摸清用了二十余年感受东莞两年多三年感受广州因为深入了解所以热爱所以我不是热爱香港因为从来都只是以影视剧音乐的方式以及多次两三天的停留去感受是不够的
4652722861638647,美索县一夜之间确诊例泰国社会头条泰国疫情新冠肺炎疫情泰国消息更新泰国头条新闻社讯据泰媒最新消息美索医生脸书发布关于来兴府美索县最新疫情情况推文消息并且表示一夜之间美索县确诊了大量感染患者该脸书博主发布推文内容显示美索县检测人检测结果呈阳性患者有人其中人结果尚不完全确定之后已经把患者区分开来并送到各大医院治疗点医务室人员一晚上都在忙碌这件事情然而此事就发生在一夜之间最后请民众都佩戴好口罩不要去公共场所还要勤洗手口罩的正反面都不要用手去触碰来源于编译知否网页链接
4652722815501509,这里是青岛青旅漫游放肆生活青岛夏日市集許國明咖啡深度探访許國明老师的精品咖啡故事作为最热情好客的青岛咖啡名片从一粒种子到一颗咖啡豆疫情前的咖啡猎人許國明每年都要去中美洲原产地寻找属于自己客人的咖啡生豆带回国内烘焙冲煮用精湛技艺为我们带来最纯粹的精品咖啡体验青岛上街里银鱼巷爱说大话的小屁孩爱说大话的小屁孩爱说大话的小屁孩的微博视频
4652689898605536,今天我妈终于来月子房看我疫情期间不能进来我看着自己打着点滴的手凌乱的头发披着一半等待母乳外衣的丐帮样子想到我妈看到我一定很心疼也许会出现双方痛哭流涕的场景结果我妈来了以后一副我们那会生孩子都没这待遇你别矫情了怎么上个厕所还要那么久的表情妈你看到这条不要惊慌我知道你关心我我也只是开个玩笑日常求生
4652722764385482,统计疫情下去年韩人均国内旅行次同比减少韩国文化观光研究院日公布的年国民旅游调查显示去年在新冠疫情的影响下不仅海外游受到冲击国内游也出现大幅萎缩年韩国国民在国内旅游的总次数为亿次同比减少韩国观光研究院去年面向万名岁以上民众进行调查得出上述结果具体来看在新冠疫情首次开始流行的至月间国内游总量减至月的一半水平月至月年国内游市场开始逐步恢复不过在至月和去年年末出现第二次和第三次疫情大流行后整体出游数量再次下滑根据统计年韩国人均国内旅行次数为次较年减少从月份来看属于夏季休假的月和月国内游次数最多人均分别达到次和次而新冠疫情首次大规模扩散的月国内游减幅最大人均为次同比减少此外人均国内游开销为万韩元约合人民币元同比减少单次国内游平均消费金额为万韩元同比减少去年韩国处主要旅游景点平均接待游客万人同比减少详情网页链接
4652722747347688,桐庐县疫情防控指挥部发布最新情况便民提示经大家共同努力全县月底前全程接种任务已经提前完成总接种万剂其中第一剂万剂第二剂万剂若还没有进行第一针接种有意向接种的居民可以到辖区村委会社区进行报名预约月份起根据上级疫苗的调拨到位将有序根据先前报名先后顺序安排第一针新冠接种没有收到新冠第一针接种通知的请不要自行前往接种点
4652676380102754,防疫大使在这里提醒您聚会请随身携带口罩疫情防控从你我做起
4652722458198596,电影山歌全国公映自贡青年集中观影月日下午共青团自贡市委自贡市青年联合会组织各区县团干部部分青字号集体青年代表在疫情防控脱贫攻坚重大项目建设等工作中作出积极贡献的基层一线团员青年群体在万达影城开展了山歌观影活动引导广大青年弘扬伟大脱贫攻坚精神凝聚接续奋斗力量充分发挥自身优势到乡村一线建功立业继续为乡村振兴贡献青春力量让我们来听听青年们的观影感受吧四川共青团四川共青团共青团中央共青团中央自贡共青团的微博视频
4652721967727580,传阿汤哥染疫不可能停拍阿汤哥汤姆克鲁斯主演的不可能的任务系列广受欢迎不过第集的拍摄十分不顺遂从去年开拍到现在近年半频频受疫情搅局中断英国太阳报日爆料剧组又有人确诊这回更把矛头指向阿汤哥本人
4652722458198596,电影山歌全国公映自贡青年集中观影月日下午共青团自贡市委自贡市青年联合会组织各区县团干部部分青字号集体青年代表在疫情防控脱贫攻坚重大项目建设等工作中作出积极贡献的基层一线团员青年群体在万达影城开展了山歌观影活动引导广大青年弘扬伟大脱贫攻坚精神凝聚接续奋斗力量充分发挥自身优势到乡村一线建功立业继续为乡村振兴贡献青春力量让我们来听听青年们的观影感受吧四川共青团四川共青团共青团中央共青团中央自贡共青团的微博视频
4652721967727580,传阿汤哥染疫不可能停拍阿汤哥汤姆克鲁斯主演的不可能的任务系列广受欢迎不过第集的拍摄十分不顺遂从去年开拍到现在近年半频频受疫情搅局中断英国太阳报日爆料剧组又有人确诊这回更把矛头指向阿汤哥本人
4652721812802863,萌娃养成记早上先骑车带胡萝卜去上篮球课上完后又去旁边的宜家吃中饭想当年他要够到桌子还很艰苦现在胳膊已经能妥妥的放在台子上了因为疫情宜家今天的人比往常少了一大半逛起来尤其闲适收银台对面的快餐吧还开始卖披萨和羊肉串了不过最好吃的居然是三块钱一个的全麦面包
4652721485382119,对方要死磕到底导致在警察局的事情无法按原计划完成必须要在巴厘岛多待一周泪宾馆住了三天太闷了干脆租一周的别墅算了结果疫情期间打折只花了相当于人民币一千四太便宜了鼓掌印度尼西亚巴厘岛
4652701889858772,台湾新增例本土新冠病例台湾新增例死亡病例综合台湾东森新闻云等台媒报道台湾流行疫情指挥中心日公布台湾新增例本土新冠肺炎确诊病例新增例死亡病例网页链接
4652270707281261,果然因為疫情防疫在家刷到了好久不見的楊琪好像也是聽多了热爱的你想飆髒看了一圈就玩玩濾鏡也沒什麼重點像鄰居阿姨賣勾靠杯的微博视频
4652721057566188,疫情防控景德镇市即将暂停本轮第二剂次新冠病毒疫苗集中接种工作记者从我市疫情防控应急指挥部获悉根据全省新冠病毒疫苗接种工作安排我市将于月底暂停新冠病毒疫苗第二针剂集中接种请接种第一针剂已满天的居民朋友尽早进行第二针剂接种现就第二剂次新冠病毒疫苗接种服务提示如下根据全省统一部署月日后我市将集中安排新一轮人群第一剂次的新冠病毒疫苗接种工作暂停第二剂次集中接种工作为顺利开展下一阶段的疫苗接种工作请您务必在月日前完成第二剂次的疫苗接种请互相转告第二剂次新冠病毒疫苗接种即将迎来人流高峰为尽量错峰接种请您实时关注各疫苗接种点接种信息在接种新冠病毒疫苗第一剂次间隔时间满天后及时完成新冠病毒疫苗第二剂次接种三如您接到接种新冠病毒疫苗第二针剂短信或电话通知请按照通知的时间戴好口罩带上身份证和第一剂次接种凭证前往接种点进行接种在接种点排队等候接种时不要拥挤保持一米距离在现场工作人员的引导下安全有序进行接种四目前我市使用的新冠病毒疫苗以新冠病毒灭活疫苗为主需要接种两剂次才能产生较好的免疫效果提高个体对病毒的抵抗力提升全人群对病毒的抵抗力建立群体免疫屏障省外多地已发布通告在查验健康码的同时查验新冠疫苗接种标识已接种疫苗人员可以自由流动未接种人员须严格落实各项防护要求方可自由流动江西省个人接种信息可在赣服通健康码上显示为推动新冠病毒疫苗接种的全程信息实现互联互通请您尽快完成新冠疫苗第二剂次接种
4652364986582095,自疫情开始我已经帮三只需要在日本做心脏手术的狗狗的主人申请了人道主义签证求關注求關注求關注但是庞老师想来吃和牛我却束手无策攤手
4652482926484182,傅菁奥特曼傅菁生日快乐傅菁生日快乐从年的喜欢上你已经一起过了个生日年火少北京首唱会上海见面会成都首唱会年的演唱会生日在夫子庙给你录了生日快乐视频还遭到了工作人员驱赶哈哈哈年疫情的出现打乱了因为疫情不能回校答辩推迟工作难找一年的焦头烂额也空档了好久年好在一切都好了我也逐渐稳定下来继续来看你了真想说一句你成长的真好傅菁生日快乐祝你平日也快乐为生活的细小事情而努力为了不确定的未来而奋斗我会和你一起健康平安幸福美满生日快乐其实只希望你快乐做自己喜欢的事就够了奥特曼爱你傅菁傅菁
4652719866909177,冠状病毒台湾新增起确诊病例台湾新增起冠状病毒确诊病例包括一起输入型病例累计病例达万起网页链接全球疫情新加坡疫情不要错过每天的即时新闻点击加入我们的频道网页链接
4652718952811422,疫情之下方寸之间点滴日常创澄创澄拍摄宠粉办宠粉办
4652719161476743,防控疫情出门记得戴口罩东莞
4652719124515630,年韩国第九届春川国际声乐比赛由于疫情原因今改为中国沈阳举行国际声乐大赛名家名师专家评委音乐院四位歌唱家老同学曲学选教授刘航教授王志昕教授张岩生教授请诸君来主页看看我精选照片吧
4652674187004650,澳洲一位网友的阳台上几乎每天都有不同的鸟儿光顾而且还是拖家带口的那种她表示在疫情期间这些小家伙陪她度过了很多美好的时光走心视频搞笑搞笑视频一只佛系网瘾的微博视频
4652454564855812,本期格林威治半岛设计区负责人公开了自己疫情爆发后搬入的新家分享了她关于家与设计的看法无论是想要在家中打造高效的办公角落还是更期待重逢时与亲人们再次围聚餐桌的美好时光因为疫情人们对家有了新的思考家居设计美学世说新居的微博视频
4652707224750380,台湾省一外籍男子感染台湾肺炎后猝死在万华街头警察处理完后被紧急送防疫旅馆隔离台湾疫情
4652692687295491,新刊上市亲爱的读者们因印厂胶装机故障以及疫情方面原因新一期游戏机实用技术杂志总第期特刊将推迟到月日开始发货还请大家谅解上市贴网页链接
4652718080397711,台湾疫情台湾病毒确诊者再添例武汉网页链接
4652484762536920,玖富走出去多逛一逛手无寸铁的老百姓也没什么专业知识除了去凑个人数制造一些新闻还能有什么办法都快过去一年了屁点儿起色没有还被收割的更狠了去年刚暴雷的时候那么积极的去跑到处去报按现在一个个都学的消停等着了去年月的时候紫禁城疫情期间大家都不方便出门遛弯才鼓励大家网上做作业就是不想大家热度减退后面都解封好几个月了还蹲家里等能等出个什么跟狗富要钱这事儿本来就不是一件对等的事情出借人跟狗富不可能用同一种方式来解决问题身为底层最弱势的出借人你手里有什么有利的资源啥都没有你除了两条腿一张嘴能走出去吵吵闹闹你以为你可以学会狗富的招式跟狗富一个平台来讨价还价吗别天真了想要钱就自己动弹一下不想要钱就消停在家呆着也别想这事儿了就当钱被大风刮走了免得闹心已完全归零玖富悟空理财超话
4652718037667425,曼谷及周边地区月日起封城当地时间月日凌晨泰国总理巴育签署紧急命令法宣布自月日开始对泰国首都曼谷及周边地区佛统府暖武里府巴吞他尼府沙没沙空府实行封城措施封城具体措施为封锁经常暴发疫情的建筑工地天所有餐厅禁止堂食仅提供外卖服务商场只开放至在未经相关管理部门批准的情况下禁止组织二十人以上的聚集活动等近期泰国单日新增新冠肺炎确诊病例约例
4652717702906275,美股一张图告诉你当通胀攀升时股票和其他金融资产的表现如何随着全球经济越来越多地摆脱疫情封锁并重新开始掌控局面国际油价最近已突破美元桶今年以来上涨近但考虑到过去在生活成本攀升时原油相对于股票和其他金融资产的表现油价这种涨势不应该完全令人震惊富国银行投资研究所全球投资组合策略师在本周二月日的一份报告中写道我们的研究显示与有形资产相关的投资可能是担心通胀加剧的投资者的一种选择一张图告诉你当通胀攀升时股票和其他金融资产的表现如何
4652485883726169,为学校打学校不断的给我们送温暖有口罩有奥利奥有牛奶有泡面疫情期间封校了安排志愿者给我们送餐在学校补贴下每天伙食只需要花费元好爱仲恺泪疫情快过去吧广州加油中国加油广州仲恺农业工程学院白云校区
4652716799822354,这是我梦里到过的地方心感谢这一年来在我背后默默付出的家人们养育之恩一生相报谢谢你们因为疫情在生活那么不易的一年包容我支持我愿意再给我时间沉淀自己给你小心心感谢这一年来在我难过失落时给我鼓励加油的朋友们谢谢你们和我一起奋斗互相撑起对方精神世界的天空心感谢这一年来在我迷茫无助时给我加油打气给予我帮助的中国老师和泰国老师们师恩如海永远铭记给你小心心感谢汪苏泷少年气质的声音陪着我许多个失眠的夜晚也给了我不服的倔强以后一定要看一场你的演唱会心最后感谢那个心里带着对未来不确定的惶恐还是依然选择了考研的自己就这样勇敢又美丽地继续向前走吧给你小心心
4652716410278042,中国新冠疫苗助力全球抗疫新冠肺炎疫情在全球蔓延疫苗的研发和接种对疫情防控至关重要中国积极为全球抗疫贡献力量迄今已向国际社会提供了超过亿剂新冠疫苗据新华社报道月以来中国国药和科兴两款新冠疫苗相继被列入世界卫生组织紧急使用清单为缓解全球疫苗分配不公和助力全球抗疫贡献了中国力量中国新冠疫苗助力全球抗疫
4652716398218074,侨务心声专家仇恨犯罪事件高发或激发亚裔参政热情疫情暴发一年有余全球各地针对亚裔群体的歧视仇恨犯罪事件依然时有发生近日侨务专家在接受中新社记者连线采访时表示仇恨犯罪事件高发或激发亚裔参政热情但从根本上改善亚裔处境仍需要时间专家仇恨犯罪事件高发或激发亚裔参政热情
4652715982719121,磐安花溪景区限流公告磐安氧气山水音乐节将于月日在花溪景区举办因疫情防控限流需要月日日景区不对外售票只能满足购买了音乐节门票的游客望各位游客合理安排行程因此给大家带来的不便敬请谅解杭州
4652671539352392,特朗普年的旗帜今天在英国伦敦疫情下为自由抗争的抗议游行活动中飘扬孤烟暮蝉的微博视频
4652671539352392,特朗普年的旗帜今天在英国伦敦疫情下为自由抗争的抗议游行活动中飘扬孤烟暮蝉的微博视频
4652697226053369,一个周末在赤坂星巴克偶遇内阁官房长官加藤胜信他一个人进来买了两杯拿铁一个警卫站在门口假装玩手机刚好在我旁边我就过去打了个招呼我说我是凤凰卫视的记者加藤说是的我知道的一点架子都没有问我是不是现在因为疫情回国都很花时间全程使用敬语看似并没有记恨我提问福岛核污水能不能喝的事那天他开的私家车没有用公务车光计划凤凰李淼的微博视频
4652715407315278,挺喜欢常驻综艺中餐厅每一季都追最早这档节目的立意是节目由几位合伙人通过天时间经营一家位于外国某城市的中餐厅在中餐厅内做出中国的味道让中华美食享誉国外但是这两年由于疫情原因根本无法做到这种理念都改在国内做的情况下还叫中餐厅似乎不大贴切且疫情这一客观存在事态还不知何时能杜绝何不改一下名字叫我们的餐厅继续长存下去中餐厅路透中餐厅
4652715315561104,疫情前完成了下水道扩容工程疫情后完成了雨污分流工程然后玉帝朱批加量龙王就多喷了点于是武汉又可以看海了手机摄影随手拍原创手机摄影
4652715274141815,荔湾播报话筒话筒明天起广州市医疗保险服务中心荔湾分中心服务大厅恢复服务尊敬的市民朋友为统筹做好疫情防控和医保经办服务工作根据广州市新型冠状病毒肺炎疫情防控指挥部关于荔湾区芳村片区调整分级分类防控措施的通告第号现将有关事项通告如下一荔湾分中心服务大厅自年月日星期一起恢复对外服务二倡议市民朋友优先选择线上办理医保业务确需前往服务大厅现场办理业务的请务必提前线上预约预约成功后按照预约时段和地点前往办理现场办理业务的市民朋友请佩戴好口罩做好个人防护积极配合服务大厅疫情防控工作和引导三具体线上办理和预约办理指引可通过广州医保微信公众号广州市人民政府官网首页市级机构广州市医疗保障局通知公告查看广州市医疗保险服务中心年月日南方明天起广州市医疗保险服务中心荔湾分中心服务大厅恢复服务
4652715173481023,机场防疫低风险地区非重点人员凭健康码绿码且体温检测未见异常佩戴口罩方可进入武汉机场航站楼机场与航空公司不属于同一单位政策执行会有差异乘机的旅客建议您务必联系航空公司是否还有其他相关要求由于疫情变化来汉返汉政策可能会随时作出调整防疫要求以现场执行为准可拨打武汉疫情防控专线转
4652715173480048,车轮上的文化越走越活学党史悟思想办实事开新局最近因疫情防控需要停办了两届的上海汽车文化节有了新进展今年上海旅游节闭幕式将在嘉定举行而旅游节闭幕式同时也将作为年上海汽车文化节的开幕式为嘉定全面建设世界级汽车产业中心注入全新活力与往年不同的是本届汽车文化节上古董车将驶入嘉北郊野公园市民游园之余可近距离感受复古汽车的魅力我爱我嘉
4652715172956412,抗疫行动抗疫一线医务人员英雄群体在湖北武汉解放大道上有一座特别的天桥这里镌刻着抗疫中支援湖北医疗队的名称和人数把人们的记忆拉回到年那段同心抗疫共克时艰的日子阻击疫情抢救生命满怀对人民的赤诚和对生命的敬佑广大医务人员挺身而出舍生忘死用血肉之躯筑起阻击病毒的钢铁长城中央纪委国家监委网站您当前的访问行为存在异常请核实后再试
4652609594460263,早安怒罵疫情期间非要戴口罩眼妆绝对不能输你们也不能
4652713608217820,疫情的这几个星期宅在家里各种捣鼓
4652713550547031,疫情什么时候好想回快乐老家可怜可怜的微博视频
4652713546352009,长沙找工作兼职手工活同样是宝妈脚踏实地干好每一件事用心去付出都会有回报你会发现你的生活其实很精彩现在疫情期间你可以不出门但不能没有收入既不用出门又能赚到钱的工作不要错过哟爱神丘比特的微博视频
4652691403312763,我想看的公演什么时候能成二哈疫情再不过去小李都要了伤心
4652713364948743,入园必备世纪公园滨江森林公园共青森林公园明起可这样预约浦东世纪公园滨江森林公园共青森林公园免费开放的好消息你知道了吗据市绿化市容局消息疫情期间为方便市民游园月日起它们的预约通道也将正式开启和小布一起来看看吧
4652713307013710,实时播报新疆外贸持续回暖连续个月增幅超记者从乌鲁木齐海关最新获悉在全球疫情防控形势依然严峻背景下我国向西开放门户新疆外贸持续回暖自月起进出口总值连续个月增幅保持在以上其中新疆与哈萨克斯坦吉尔吉斯斯坦等传统贸易伙伴之间经贸往来稳定增长新疆外贸企业结合原产地声明原产地累积规则等优惠政策扩大出口与越南韩国日本等区域全面经济伙伴关系协定成员国进出口贸易增长迅速新华社
4652686967050769,卫生大臣汉考克发的的视频他说英国的疫情已非常接近终点他为国家感到骄傲他已经交了辞职信为违反防疫规定道歉小金毛马上公布了回信感谢汉考克为英国防疫作出的贡献并很遗憾收到辞职信同时小金毛马上任命了新的卫生大臣台湾傻事的微博视频
4652712967016215,因为疫情妈妈只能在屏幕上看你走红毯看你在舞台上演节目广院的大礼堂咱娘仨算是都登过台啦看你毕业陪你成长愿未来的路还是如此般有你岁月便静好我的小了了毕业典礼记萌娃养成记给你小心心宝宝成长记录
4652712580876476,六安市疫情防控指挥部发出贺信贺信霍邱县疫情防控指挥部你县于月日深夜完成了上半年新冠病毒疫苗第二剂次接种特向你们致以热烈的祝贺你县高度重视新冠病毒疫苗接种工作认真落实国务院联防联控机制和省市疫情防控指挥部对疫苗接种工作的部署坚决扛起维护人民群众生命安全和身体健康的政治责任作为工作量全市第一县区越是艰难越向前勇于争先夜以继日完成任务为全市迅速构建人群免疫屏障巩固疫情防控成果作出了积极贡献希望你们再接再厉再创佳绩继续全面推进疫苗接种扎实抓好常态化疫情防控为夺取疫情防控最终胜利而努力奋斗希望其他县区学习先进迎头赶上早日完成本阶段疫苗接种为实现全市免疫屏障的建立作出应有的贡献六安市情防控指挥部年月日
4652712539720610,妹纸在日本留学她说不敢去日本最近大家都随处溜达不守规矩笑疫情有点严重比较好玩的事日本人对中国的搜索最热门的前两个你能猜得出不一个小时后我公布答案求饶答第一整形第二美女你们都猜错了笑另外不要再精日了哈如果你们知道很多真相的话笑要对自己国家很有信心
4652713550547031,疫情什么时候好想回快乐老家可怜可怜的微博视频
4652713546352009,长沙找工作兼职手工活同样是宝妈脚踏实地干好每一件事用心去付出都会有回报你会发现你的生活其实很精彩现在疫情期间你可以不出门但不能没有收入既不用出门又能赚到钱的工作不要错过哟爱神丘比特的微博视频
4652691403312763,我想看的公演什么时候能成二哈疫情再不过去小李都要了伤心
4652713364948743,入园必备世纪公园滨江森林公园共青森林公园明起可这样预约浦东世纪公园滨江森林公园共青森林公园免费开放的好消息你知道了吗据市绿化市容局消息疫情期间为方便市民游园月日起它们的预约通道也将正式开启和小布一起来看看吧
4652713307013710,实时播报新疆外贸持续回暖连续个月增幅超记者从乌鲁木齐海关最新获悉在全球疫情防控形势依然严峻背景下我国向西开放门户新疆外贸持续回暖自月起进出口总值连续个月增幅保持在以上其中新疆与哈萨克斯坦吉尔吉斯斯坦等传统贸易伙伴之间经贸往来稳定增长新疆外贸企业结合原产地声明原产地累积规则等优惠政策扩大出口与越南韩国日本等区域全面经济伙伴关系协定成员国进出口贸易增长迅速新华社
4652686967050769,卫生大臣汉考克发的的视频他说英国的疫情已非常接近终点他为国家感到骄傲他已经交了辞职信为违反防疫规定道歉小金毛马上公布了回信感谢汉考克为英国防疫作出的贡献并很遗憾收到辞职信同时小金毛马上任命了新的卫生大臣台湾傻事的微博视频
4652712967016215,因为疫情妈妈只能在屏幕上看你走红毯看你在舞台上演节目广院的大礼堂咱娘仨算是都登过台啦看你毕业陪你成长愿未来的路还是如此般有你岁月便静好我的小了了毕业典礼记萌娃养成记给你小心心宝宝成长记录
4652712580876476,六安市疫情防控指挥部发出贺信贺信霍邱县疫情防控指挥部你县于月日深夜完成了上半年新冠病毒疫苗第二剂次接种特向你们致以热烈的祝贺你县高度重视新冠病毒疫苗接种工作认真落实国务院联防联控机制和省市疫情防控指挥部对疫苗接种工作的部署坚决扛起维护人民群众生命安全和身体健康的政治责任作为工作量全市第一县区越是艰难越向前勇于争先夜以继日完成任务为全市迅速构建人群免疫屏障巩固疫情防控成果作出了积极贡献希望你们再接再厉再创佳绩继续全面推进疫苗接种扎实抓好常态化疫情防控为夺取疫情防控最终胜利而努力奋斗希望其他县区学习先进迎头赶上早日完成本阶段疫苗接种为实现全市免疫屏障的建立作出应有的贡献六安市情防控指挥部年月日
4652712539720610,妹纸在日本留学她说不敢去日本最近大家都随处溜达不守规矩笑疫情有点严重比较好玩的事日本人对中国的搜索最热门的前两个你能猜得出不一个小时后我公布答案求饶答第一整形第二美女你们都猜错了笑另外不要再精日了哈如果你们知道很多真相的话笑要对自己国家很有信心
4652712530020694,裂开如果唔系疫情我林我已经系前排了泪湿趴唱周时空前段时间才唱过泪小狗同林的微博视频
4652712967016215,因为疫情妈妈只能在屏幕上看你走红毯看你在舞台上演节目广院的大礼堂咱娘仨算是都登过台啦看你毕业陪你成长愿未来的路还是如此般有你岁月便静好我的小了了毕业典礼记萌娃养成记给你小心心宝宝成长记录
4652712580876476,六安市疫情防控指挥部发出贺信贺信霍邱县疫情防控指挥部你县于月日深夜完成了上半年新冠病毒疫苗第二剂次接种特向你们致以热烈的祝贺你县高度重视新冠病毒疫苗接种工作认真落实国务院联防联控机制和省市疫情防控指挥部对疫苗接种工作的部署坚决扛起维护人民群众生命安全和身体健康的政治责任作为工作量全市第一县区越是艰难越向前勇于争先夜以继日完成任务为全市迅速构建人群免疫屏障巩固疫情防控成果作出了积极贡献希望你们再接再厉再创佳绩继续全面推进疫苗接种扎实抓好常态化疫情防控为夺取疫情防控最终胜利而努力奋斗希望其他县区学习先进迎头赶上早日完成本阶段疫苗接种为实现全市免疫屏障的建立作出应有的贡献六安市情防控指挥部年月日
4652712539720610,妹纸在日本留学她说不敢去日本最近大家都随处溜达不守规矩笑疫情有点严重比较好玩的事日本人对中国的搜索最热门的前两个你能猜得出不一个小时后我公布答案求饶答第一整形第二美女你们都猜错了笑另外不要再精日了哈如果你们知道很多真相的话笑要对自己国家很有信心
4652712530020694,裂开如果唔系疫情我林我已经系前排了泪湿趴唱周时空前段时间才唱过泪小狗同林的微博视频
4652472775213216,周杰伦不参加中国好声音周杰伦因疫情原因不会参加年的中国好声音综艺节目录制周杰伦经纪公司杰威尔证实已经和制作单位讨论过因为疫情关系今年就不参加了年底中国好声音官宣周杰伦回归担任导师疫情不可控来回要隔离将近一个月所以这样可能会严重影响节目录制的进程不过这个节目影响力貌似大不如从前冠军获得者后续发展都水花不大现在综艺节目很多内卷激烈所以这种竞技类的综艺节目还能够活下来真不容易
4652712065502245,未来已来应势而变后疫情时代中小企业发展的方向论坛虞姬的微博视频
4652388336014889,常观世音微语录常观世音微语录常老师目下新冠疫情那么严重做什么功德可以避过呢李明权合十答佛说楼阁正法甘露鼓经云何三劫谓刀兵劫疫病劫饥馑劫阿难陀又若有人一日持此远离杀生之戒彼人不生刀兵劫中若以一诃梨勒布施众僧彼人不生疫病之劫若以一盂饮食施于众僧彼人当得不生饥馑之劫
4652711646332281,今天的暴雨终于停了大梅沙还是有点人的现在进场不需要预约人太少了根本形不成聚集只需要出示行程码就行刚在入口处有佛山来的出示小时内核酸也给进多点反复的新冠疫情对旅游业的摧残太大啥时候是个头哦深圳大梅沙海滨公园
4652711565856153,塞尔维亚克鲁舍瓦茨曾是中世纪塞尔维亚的都城民族英雄拉扎尔建功立业的地方克市旅游局每年都会举行骑士节既纪念历史传承了文化又能吸引大量的游客受疫情影响今年的规模较小气氛也有点冷本地家庭亲子游取代外地游客成了节日的主体孩子们在家长的带领下骑小马射小箭也算是过了一把骑士瘾节日当然少不了塞的传统音乐和葡萄酒还有传统工艺品的展示节日的重头戏是拉萨里卡教堂的中世纪婚礼游客们在这里会回到中世纪参加皇家婚礼领略中世纪的服饰之美听着几百年前的古老歌谣吃中世纪大餐挺美的
4652462575980415,东莞职业技术学院东莞职业技术学院不给放假是真的恶心就算你要升本科能不能给一个我能接受的理由外地的孩子想回家车票又难买疫情当下别的学校是提前把学生放走你是把学生关在学校上万的学生呆在学校真的安全吗出了事情学校能承担责任吗非要等到真出事了才能体现校方的伟大吗微笑微笑微笑
4652710139792809,台湾疫情撑不下去了台餐厅业者哭着下跪求疫苗台湾地区疫情自五月中旬大暴发以来至今未有缓和迹象岛内产业哀鸿遍野观光旅宿业餐饮业首当其冲近日高雄市一位餐饮业老板在接受采访时直接在镜头前跪下哭喊我要疫苗直新闻的微博视频
4652599545168970,早上好聊聊基金谈谈健康这个周末大事不少国际评级机构标普预测鉴于中国有效控制新冠疫情并迅速开展疫苗接种工作年中国实际国内生产总值将增长在全球疫情肆虐的当下中国这个成就是非常了不起的大中国已经成为全球经济的动力引擎美国最近公布了月经济数据核心个人消费开支价格指数录得近年来的最大同比增幅美国的通货膨胀是否会持续有待观察但显然不太妙巨量发行的货币不仅冲击美国经济让美国房价飙升物价飙升也冲击着其它经济体例如德国楼市也持续大涨创下十几年来最大涨幅在一片通胀预期中好的基金显然是抗通胀有力的武器从技术指引看大浪继续向前推进特别是低估值板块有望迎来补涨今天健康话题聊聊猪油很多人聊这个事我之前和大家聊过一定要重视用油健康很多病都和油有密切关系用油不健康吃药也效果不好那么猪油健康不健康呢很多人不知道如何选猪油经常用那个肥油那肯定不好的猪皮下面与瘦肉连在一起的那个肥肉叫肥油让人增肥血脂高选猪油要用猪内脏外面成片成块那个油那个叫做猪板油猪板油对人的身体有一定好处能利三焦破冷结利血脉什么意思呢比如乳腺有问题的女性就是冷结血脉不通那么吃吃猪板油炒大白菜可以平衡雌激素破冷结是有益的还有些小孩身体消瘦不喜吃饭厌食父母带孩子看了无数三甲医院名医吃了很多药还是小瘦子有经验的名老中医遇到这种情况一般让停药叮嘱回家用猪板油炒菜下饭猪板油炒大白菜等等很快孩子胃口大开壮实起来很多人说神奇原因是什么呢原因是猪板油利三焦利肠胃通小便利血脉散宿血所以猪油这个问题不能简单的说好或者不好要注意两个事一个是选猪板油不要用肥油二是血压血脂血糖都没问题健康的人群适当吃吃猪板油炒菜是有益处的小孩特别是小瘦子吃猪板油炒菜对肠胃有好处大人瘦子也可以试试当然如果血脂血压血糖高了那就不要试了血管不好的人用橄榄油早安赞赞可爱
4652387900069055,疫情阻击动态广州中风险地区清零根据广东省新冠肺炎防控指挥办关于印发广东省应对新型冠状病毒肺炎疫情分区分级防控工作指引的通知经广州市新冠肺炎防控指挥部同意自年月日起广州部分区域疫情风险等级调整如下一荔湾区白鹤洞街由中风险地区调整为低风险地区二白云区永平街道集贤路集安街号集贤路号由中风险地区调整为低风险地区三其他地区风险等级不变光明日报全媒体记者吴春燕王忠耀
4652709158326337,结有道之友断无情之人后疫情时代报团取暖更重要焦作
4652709133681710,贾永婕黑历史照片被挖结识年友人揭她私下真实性格艺人贾永婕因在疫情严峻时不惜掏腰包捐出昂贵医疗器材和每日一百份的爱心便当被外界封为抗疫女神连蔡英文都亲自致电感谢认证其是美少女而相识贾永婕多年的好友最近在网路分享两人的黑历史照片从姐妹的视角分析贾永婕的真实个性
4652555509170582,美国疫情大家比较关心变异我把最近分享的信息汇总出来供参考目前在美国占实际上这个比例现在是越高越好因为确诊住院和死亡都没有显著上升这种情况下如果已经占比很高是好迹象如果比例还很低反倒更值得担忧
4652683094655608,台湾疫情台请宣传高端疫苗没想到翻车了笑微博公开课光计划衝鋒号角的微博视频
4652708403872127,为认真贯彻落实近期区委区政府关于疫苗接种有关工作要求构筑免疫屏障加快新冠疫苗接种进度尽快形成全人群免疫屏障持续巩固来之不易的疫情防控成果官渡区司法局迅速行动统筹部署提高思想认识压实责任加强动员组织把党员派出来沉下去到挂钩联系福保社区开展地毯式搜排未接种人员信息做好服务引导充分发挥党组织战斗堡垒作用和党员先锋模范作用全力推进全区疫苗接种全覆盖工作法治官渡法治官渡昆明官渡发布昆明官渡发布昆明司法行政昆明司法行政中共官渡区委组织部中共官渡区委组织部
4652707270887554,我了个去英国卫生部大臣的花边新闻竟然也要扯上中国只因摄像头是中国制造每日邮报认为卫生部大臣出轨的幕后黑手是中国这位在办公室演小片的卫生部大臣因出轨视频曝光而辞职一位在疫情中完全没有作为的失职官员最后竟然因为中国制造的摄像头揭露了他的放荡私生活而受到了惩罚呵呵呵呵呵
4652707090009239,連日破人確診馬來西亞宣布全國封鎖無限期延長馬來西亞新冠疫情持續膠著連續天單日確診數超過例馬來西亞首相慕尤丁今日宣布原訂於明日到期的全國第一階段封鎖將延長至每日確診數降至例換句話說大馬全國封鎖將無限期延長
4652706042742614,金圣圭确诊感染新冠韩国队长金圣圭已确诊感染新冠希望早点康复在疫情期间出席活动一定要注意好防范啊毒舌馆长的微博视频
4652706386673878,先介绍下肤况混合皮肤冬季混干夏季混油伴敏感及炎症很久以前不喜欢防晒爱好熬夜终于皮肤问题找上门来了疫情期间懒到连脸都不洗大规模爆痘期间做了微针效果显著但是留下了肤色不均毛孔增大等问题通过深蓝团购了光针微针的项目到了医院后面诊发现其实我最严重的不是痘印不是毛孔而且因为底层色斑造成了严重的肤色不均于是我改变了项目超皮秒英诺水光针机构的医生非常细心知道我怕疼时不时的还要询问我的感受非常贴心那么来说说效果吧距离第一次项目相隔了两周明显的就是肤色不均得到了很大的提升以及紧致度也是得到了加强医生也做出了客观的专业的判断关于斑一次效果肯定不会那么显著所以我办了次组合卡光电类的项目就是需要坚持而且从管家到面疹的医院都没有强推这种情况出现而且预约管理专业度整体服务舒适得当期待六次后的明显提升呢变美研究院变美研究院
4652706113783470,年全球游戏市场总规模约为亿美元同比增长角川调研最新报告全球游戏市场报告近日发售根据其中数据显示由于今年居家不出的人群大幅增长年总规模较去年剧增据悉年世界游戏市场总规模约为亿美元较去年剧增主要原因为年新冠疫情导致的大量玩家居家不出角川调研年全球游戏市场总规模约为亿美元同比增长
4652605025815128,注意该地月起将不再集中组织接种疫苗第二针近期德尔塔变异毒株致多国疫情反弹日钟南山说过去的密接概念已不适用目前国内正处于新冠病毒疫苗第剂次接种的关键阶段紧急提醒这地月起不再组织打第二针另外如出现以下种情况需延缓或不建议接种第剂次疫苗月起该地将不再集中组织接种第二剂新冠疫苗
4652705693566215,台湾疫情台灣疫情地圖台島本地疫情月中旬爆發近日看似趨緩惟屏東枋山卻發生人群聚感染今天台灣新增名本土個案其中例為居家隔離期間或期滿檢驗陽性者另新增例死亡死亡者達宗香港北角
4652705488309420,朋友圈太伤感了伤心所以脑子不好还是有好处的喵喵虽然三年虽然疫情虽然经历酷都过去了兔子总要开启下一段旅程总会遇到新的人分别是常态没人是例外干杯毕业快乐微风呼和浩特内蒙古工业大学
4652704943574198,陈时中今天报人数分別为新增例本土确诊病例及例境外输入另确诊个案中新增例死亡连续三天确诊病例回落至双位数台湾疫情
4652704930466384,一组胶片风的照片好久不拿相机都有点手生了周末闲着上艺术村溜一圈疫情下的艺术村显得好安静少了很多游客但却更显安逸了吃吃喝喝玩一会儿分外惬意生活的模样萌娃养成记泰国清迈
4652704695062577,因为疫情时隔年养起了长发允悲
4652704511821310,英特尔称芯片荒最糟糕的时候在下半年据报道英特尔在最新采访中预测芯片荒最糟糕的时候在今年下半年随后情况将逐步好转虽然看好芯片业反弹但他认为要到年芯片业才能真正恢复到疫情前健康的供需关系再度强调了对芯片行业的长期乐观判断他表示随着通信电动汽车和人工智能等如火如荼的发展全球对芯片的需求将非常强劲芯片业未来十年将迎来黄金时期
4652704062505672,不出什么疫情原因的话月会去参加成都印点管人无料发吧或者自带纸可以给来的人画签绘
4652703878222297,美好辽宁欢迎您大连高校接力打造暖心毕业季临近七月又是一年的毕业季从二合一毕业典礼毕业作品致青春等在做好疫情防控的前提下大连各高校接力启动花样毕业季活动祝福毕业生带着温度和力量走向新征途迎接星辰大海夏日里操场上一场二合一的特殊毕业典礼在大连海洋大学温暖开启原来为了让去年因为疫情没有毕业典礼的毕业生们不留遗憾大连海洋大学把今年与去年的毕业生组织到一起进行了一场相隔天而又刚刚好的毕业礼穿上学位服补拍毕业照进行拨穗仪式等这一波看似非常规的操作却成全了大连海洋大学新老两届毕业生们的双重美好今年的毕业季恰逢建党百年毕业前夕大连交通大学毕业生们带领学弟学妹们历时半年特别创作和排演的话剧选择进行了精彩展演通过沉浸和体验式再现五四运动奏响的爱国主义壮歌中共一大召开的重要时刻等这部超燃的原创作品不但成为学校开展党史教育的生动环节也让用青春之我创造青春之中国青春之民族成为大连交通大学毕业季的底色山水有相逢青春不散场毕业嘉年华毕业音乐会随着大连高校一系列毕业季活动暖心启航打卡毕业的同时我们也祝福毕业生相聚别离初心不负你们的征途是星辰大海辽视第一时间辽视第一时间辽视第一时间的微博视频
4652487674695426,台首见群聚专家坦言很可怕台湾更危险台湾首见境外移入个案引发的印度变异株本土群聚确诊者包括白牌车司机超商店员外籍移工等人专家表示的传染力非常强英国已有成民众接种疫苗却仍受影响引爆新一波疫情导致解封时间往后延台湾疫苗覆盖率不足且处于英国变异株的疫情之间坦言当下处境很危险一定要积极阻止大流行产生穷尽所有的力量来防疫
4652703332962262,钟南山院士国产疫苗对德尔塔毒株有效大家应该打有不少网友询问针对广东多地引发本土疫情的德尔塔变异毒株疫苗的保护力是否会下降呢对此国家呼吸系统疾病临床医学研究中心主任中国工程院院士钟南山教授日前发出最新研判正在全球范围内蔓延流行的德尔塔变异毒株具有传播力强潜伏期短等特点但不管是实验室结果还是真实世界的第一手资料都表明现在我们国产的疫苗对毒株还是有效的大家应该快点打疫苗新民晚报
4652703148674562,专家若变异毒株引爆疫情新西兰级封锁扛不住奥克兰的疫情暴发时我们用级封锁成功控制了病毒蔓延但新的毒株将会对这套警报系统构成挑战所以我们应当对级和级警报的规定进行重新设置网页链接
4652702745496311,不带累字表达你很累印度印度疫情不可思议不可理喻真实的印度孟买居然是这个样子的摊手摊手话筒话筒短线刀客的微博视频
4652702422795701,广州疫情德尔塔重症比例达专家探索建立免疫功能评估体系及时筛查重症在与新冠病毒突变株下称德尔塔交手一个月后月日广州中风险地区终于清零全市均为低风险地区从临床救治角度上德尔塔有何特点广东积累了哪些救治经验专家组认为从临床上观察德尔塔重症比例达救治过程中专家组探索建立了一套免疫系统评估系统及时发现病情恶化的指标实现早期阻断转重症化趋势同时中医治疗重症发挥了一定疗效强调扶正多使用参汤补气广州中医药大学副校长广东省中医院副院长张忠德在临床上我们发现病人发热比例很高超过其中高热温度超过摄氏度的比例高达由于德尔塔病毒载量高患者感染后病情进展很快既往要天才转为重症这一次不到天就有可能转为重症严重者在小时内转为重型或直接转为危重型这为救治工作带来了不小挑战从临床表现来看年龄超过岁有基础疾病持续高热不退氧合能力下降等是轻症转向重症的高危因素相比之下小孩转重症的比例低很多北京协和医院重症医学科主任隆云目前新冠肺炎病毒治疗暂无特效药治疗原则是提升病人自身免疫力控制病毒在体内复制的速度首先我们会关注病毒核酸载量如果载量高患者病情进展可能就加快第二是自身抗体滴度如果病毒入侵后在一段时间还未产生抗体或者是抗体滴度不高这说明免疫系统还处于一个薄弱的状态第三是淋巴细胞基数病毒入侵体内后淋巴细胞最先受到攻击通过一项血常规检查我们就能得到淋巴细胞是否在减少如果是说明病毒此时正在体内高速复制在治疗过程中专家组实时动态监测病人其他指标如影像学表现全身炎症反应氧合状态等做到有的放矢精准干预让治疗能取得更好的效果隆云我们还是提倡提早氧疗及俯卧位治疗新冠肺炎的炎症渗出通常是在双侧肺的下部患者平常多为仰卧这些炎性渗出液就堆积在下肺的后背部采取俯卧位的时候双肺炎性渗出就不会聚集在下部可以改善肺水的流动和肺的氧合同样我们发现了接种疫苗后几乎没有发生重症和危重症病例这说明疫苗在阻断重症趋势上有一定效果但这一结论仍需要更多权威数据支持南方日报视频视频的微博视频
4652702368007857,伞兵伞兵宠粉季就是在疫情的时候我的好姐妹一直在看我就开始好奇跟她一起看然后无意在微博上看到了一个关于和平精英的最帅电竞选手的帖子下面很多姐妹都在评论伞兵就很好奇那个时候我又不知道伞兵是那个然后看到个姐妹了就看到了我还感叹了就看到了我还感叹是他们中粉丝最多的然后后面看比赛就会多关注的名字而且那个时候击杀榜也常常有然后就越来越有兴趣渐渐地就越来越关注完了我就爱上了一发不可收拾地爱了一年多了害羞
4652702339171008,家庭代工耍诈老兵跑腿吃官司疫情期间不少人失业诈骗集团看准民众兼差赚钱心理在网路张贴家庭代工广告利诱民众寄存折后请收簿手至铁公路置物柜领包裹被害人直到帐户被警示才知受骗高市警方日在台中逮获嫌其中嫌还是岁退伍军人
4652598784951806,台湾立荣航空飞厦门一航班上人确诊台湾流行疫情指挥中心竟声称应该没有感染性口罩的一边是日本另一边是美国脸往哪放呀是真卖国呀还是中国人嘛津门咚咚枪的微博视频
4652701944384162,慈濟防疫與安心物資日即時送抵屏東枋山屏東縣枋山鄉出現印度病毒確診案例為落實防疫屏東縣政府對枋山鄉楓港村善餘村超市超商餐飲業傳統市場等場所關閉三天居民全面篩檢慈濟基金會於月日緊急啟動屏東枋山地區防疫及長者安心營養補充物資支援並於日中午送達枋山地區慈濟基金會於日為協助屏東縣政府針對枋山群聚案防疫強化措施全力防堵傳染鏈於日從桃園八德及三重急調提供適合長者營養補充食物共千袋防護面罩千個及可供天使用的一般醫療級口罩千片於日晚上運抵慈濟屏東分會並於日早上進行打包作業後慈濟防疫物資與營養補充物資於日中午冒雨送往枋山地區供屏東縣衛生局及鄉公所發給當地兩村民眾防護及營養補充使用從今年月台灣本土疫情爆發後慈濟基金會就陸續提供防護面罩超過萬千片手套超過萬雙安心祝福包口罩營養補充品給屏東地區進行防疫及民眾營養補充之用慈济台湾疫情
4652701512106799,疫情下的香港本港疫情反復本港消息今日新增宗輸入個案宗與歲機場地勤男的相關個案本港連續兩天本地零確診斷纜由於沒有源頭不明個案衞生防護中心及醫管局下午不設疫情記者會德爾塔病毒着實犀利香港旺角
4652686849608389,今年在研究为什么美国页岩油钻井数量恢复比往年慢滞后很多的原因的时候一定不要忽视一个重要的要素那就是疫情和财政补贴造成的广泛的人的短缺不出门无法出门工作的失业这会造成即便价格投资等要素都具备的情况下依旧无法像年那样正常有效恢复供给这个问题我看很多人都忽略了现在的问题是如果未来半年全面就业恢复加速的话那么供给的制约因素什么时候开始缓解
4652700992016064,重要提醒接种点工作时间延长下班时间也可接种疫苗根据国家和省市区疫情防控办关于加快推进新冠病毒疫苗接种的工作要求从即日起各接种点疫苗接种工作时间延长到晚上点请还未完成第二剂次接种的居民群众合理安排好自己的时间按照下图对应时间就近到接种点及时接种力争保质保量完成全市第二剂次疫苗接种任务重点提醒一定要看清自己的第一针接种时间带好身份证带上第一针接种凭证带好口罩不要空腹接种前一天不要喝酒详情重要提醒接种点工作时间延长下班时间也可接种疫苗
4652700584906732,紧急提醒请尽快接种第二针剂疫苗当前全球新冠病毒肺炎疫情形势依然严峻复杂按时接种新冠病毒疫苗是预防和控制疫情传播的最有效手段为了您和家人的健康巩固我区来之不易的疫情防控成果请接种完新冠病毒灭活疫苗第一针剂后满天的市民于月日前到居住地的接种门诊进行第二针剂
4652700074249041,雅思哥粉丝求助希望可以听听大家的意见年月打算去约克读书现在语言班已经在上了但是疫情那边又严重了有点担心本身还有一个格拉的好像可以延期到明年月这个情况我还要不要今年九月去呢要是明年月再重新申请的话可能会申请到比较好一点的本科独立学院均分教育类专业回国的话有可能有机会落户北京感谢
4652700072939278,国务院联防联控机制综合组广东工作组看望参与疫情防控报道的媒体记者雷海潮指出此次广东疫情应急处置是我国首次应对新冠病毒变异株为我国今后有效应对处置变异株积累了宝贵经验广东在个月内处置了三起独立的境外输入疫情凸显我国外防输入的巨大压力在此次疫情处置中广东省及其相关地市均及时对防控策略进行实时优化调整不断丰富完善疫情防控措施并运用了新技术新方法推出了新规范新指南积累的经验与认识将为全国疫情防控工作提供重要的参考和借鉴其中广东在一个月内完成超亿人次的核酸筛查月日核酸检测超过万人次创造了两项全国纪录规定持有小时内核酸阴性结果才能外出旅行为全国建立了防范疫情风险外溢的管控新标准南方日报国务院联防联控机制综合组广东工作组看望参与疫情防控报道的媒体记者
4652699586396342,呼吸道合胞病毒在美国蔓延众所周知因为疫情原因美国失业率正在不断攀升当前有许多民众都是靠国家救济来维持生活而如今干旱更是让这些民众的生活雪上加霜与此同时美国还频发山火这更是大大加重了消防员的工作量据悉月还不是山火的高发期月和月才是看来美国将迎来一场严峻的考验
4652344375773373,小泉孝太郎主演医院的治疗方法将于月日播出高岛政伸等人续投加藤成亮出演描绘直面新冠疫情的地方医疗的现实状况
4652699003652185,世卫德尔塔变异毒株致多国疫情反弹至少个国家和地区发现德尔塔变异毒株世界卫生组织表示全球新冠疫情有放缓迹象每日新增病例降至月以来最低死亡人数也呈下降趋势不过传染性更强的德尔塔毒株正在越来越多国家导致病例激增全球抗疫形势仍严峻世界卫生组织总干事谭德塞日曾说德尔塔毒株是迄今发现的传染性最强的新冠病毒已有至少个国家和地区发现了这一变种毒株
4652688732587124,每经整点播每经午时泰国曼谷及周边地区月日起实行封城措施当地时间月日凌晨泰国总理巴育签署紧急命令法宣布自月日开始对泰国首都曼谷及周边地区佛统府暖武里府巴吞他尼府沙没沙空府实行封城措施封城具体措施为封锁经常暴发疫情的建筑工地天所有餐厅禁止堂食仅提供外卖服务商场只开放至酒店展览中心会议中心照常营业但禁止组织会议研讨会及宴会在未经相关管理部门批准的情况下禁止组织二十人以上的聚集活动央视阿法更多每经午时农夫山泉拂晓白桃味苏打气泡水产品配料中没有从日本福岛进口的成分出行提示月日北京公交地铁将进行运营调整每经午时泰国曼谷及周边地区月日起实行封城措施
4652686186909565,疫情未停仍需防护戴口罩勤洗手打疫苗一件都不能少哟我的地铁我的城图李兆豪
4652698652116382,房子是租的但生活不是居家的日子里终于一步步把房子布置成自己喜欢的样子待疫情结束我要把我滴姐妹们都约过来玩
4652698533891311,结课疫情封校暑假倒计时天要好好珍惜校园生活呀另外祝朱依琳和小梁毕业快乐广州广州大学大学城校区
4652695741271237,不是我的觉悟不行不想投入一线抗疫而是希望广州疫情快点结束再也不需要我们广州青年志愿者支援抗疫一线逾十万人次广州加油广州粤溪村天德花苑
4652666694667676,骄傲月消除误解和歧视每年的月是骄傲月每一年我们都要说每个人都有可能感染跟性取向无关坚持服药可以达到病毒检测不到的水平检测不到不会传染每一种爱都应该被尊用对于群体的歧视和误解只会阻碍艾滋病疫情的防控更加包容的社会更有利于疫情的防控在最新通过全球艾滋病防治政治宣言中各国承诺努力实现对艾滋病毒感染者易感染者和受影响者零污名化与零歧视的愿景利用检测不到不传染等倡议的潜力确保到年遭受污名化与歧视的人低于确保最高级别的政治领导以消除一切形式艾滋病毒相关污名化与歧视包括通过全政府全社会和多部门应对行动促进加强政策一致性和协调行动确保所有服务的设计和提供不存在污名化与歧视充分尊重隐私权保密权和知情同意权联合国艾滋病规划署会和各国政府社区组织等密切合作确保政治宣言的落实实现年终结艾滋病的目标
4652666161991748,世界黄金协会最新公布的数据显示年全球黄金产量达吨亿盎司连续第二年小幅下滑此前黄金产量持续多年增长此外世界黄金协会还披露了最新的全球前十大黄金生产国排名中国依然是全球最大的黄金生产国和消费国除了疫情这一明显因素勘探预算稳步萎缩也是去年黄金产量下滑的一大原因这不禁引发人们的疑问黄金产量的峰值是否已经到来容易开采的金矿已经被相继采掘规模达数百万盎司的超级黄金矿床的发现速度也大不如前就拿南非来说该国曾是全球黄金产量最大的国家年的产量超过吨但此后快速下滑去年甚至跌出了全球前十大黄金生产国的行列来源矿业投资圈新一轮的黄金矿产资源枯竭老化来临而美元还在不停得印
4652695510845283,骄阳似火的月我们的伙伴为了配合市民接种疫苗在广州市多个接种点服务引导前来接种疫苗的市民完善接种前的准备和接种后的观察为参与防控疫情付出的朋友点赞广州广州市天河体育中心游泳馆
4652694599895609,新闻洛杉矶推出首届画廊周去年为应对疫情危机而成立的洛杉矶画廊协会宣布推出首届洛杉矶画廊周该活动将于月日至月日举行共有多个当地画廊和艺术空间参加其中一些机构将延长开放时间至深夜访客可以通过了解画廊周期间的活动阅读全文网页链接
4652493583422146,德尔塔变异毒株致多国疫情反弹国外疫情防控不力病毒呈现多元化变异发展裂开制造业订单回流对中国来说相对是一种利好尽管疫情带来的整体是负面但是放眼全世界来说中国是相对的既得利益者除过能够拿到更多的制造业订单也拖住了国外发展进步的脚步给中国也争取了一定的时间去突破封锁垄断等等这一点不仅仅是制造业高科技行业也是一样就看哪些企业能够把握住机会了
4652693781483210,疫苗失效接近群体免疫的以色列也躲不过不断迭代的变异毒株令全球陷入一片阴霾所有人都在担心现有疫苗会否在变异毒株面前失效以疫苗接种率看已接近群体免疫的以色列刚刚解除室内口罩令不到两周便因疫情反弹恢复禁令而以色列这波疫情也是因为被称为最强新冠病毒变异株的以色列的疫情反弹加重了人们对于疫苗的疑虑面对变异株疫苗失效了吗短短十天以色列人重新在室内戴上口罩此前随着疫苗接种率稳步提升以及疫情的有效控制以色列今年月结束全国性封城并逐步放宽限制措施月上旬逐步恢复国际航班月中旬取消户外戴口罩强制规定月以色列宣布取消大多数疫情限制措施除特定群体人们在室内或室外均无须戴口罩据新华社报道月日以色列卫生部宣布重启口罩令而日当地刚刚官宣解除这一禁令短短十天是什么让疫苗接种率世界第一的以色列如此紧张是连续天超过例的新冠确诊病例是毒株再次引发了当地的新一波疫情日以色列单日新增病例确诊病例例日新增确诊例月中旬时这个数字还维持在个位数不断刷新的数字让以色列总理贝内特日不得不宣布新冠疫情已在该国重新暴发贝内特表示作为新预防措施的一部分以色列或将扩大边境限制并将在本古里安国际机场增设新冠检测设施更多的疫情应对措施将于近日公布据当地媒体报道目前新增病例大多来自以色列某些城市的中小学校以色列卫生部总干事表示大约的新增病例与病毒有关以色列卫生部强烈建议为岁至岁的青少年接种新冠疫苗辉瑞失效单日新增例其中一半人已打疫苗在以色列万人口中约的人已接种两剂辉瑞疫苗以色列的接种率半年以来一直保持全球最高的水平加之的自然感染率全国已在一定程度上实现了群体免疫说以日数据为例当天新增的例新增确诊病例中有至的人已经接种了疫苗他对此表示担忧他的担忧也让人们开始怀疑对变种病毒来说疫苗已经不管用了吗虽然接种疫苗之后依然感染了新冠病毒但指出已经接种过疫苗的人感染后的症状较轻以色列国内主要接种的是辉瑞疫苗路透社报道辉瑞在以色列的医药总监拉帕波特日表示辉瑞疫苗对病毒高度有效不过以色列卫生部官员阿罗衣普雷斯表示以色列仍缺乏足够的数据来深入了解疫苗对病毒的有效性最近发表在柳叶刀上的一项研究显示人体接种新冠疫苗后针对病毒产生的中和抗体滴度有所降低但多国专家认为对付病毒的最好办法仍是迅速普及疫苗接种至少可以预防重症和减少死亡英格兰公共卫生局月发表报告说研究人员分析月日至月日之间的数据发现接种辉瑞疫苗第二剂两周后防止感染病毒后出现症状的有效率仍有如果接种的是英国阿斯利康制药公司的疫苗防止感染病毒后出现症状的有效率也可达欧洲疾控中心主任阿蒙指出初步数据显示只接种了一剂现有疫苗的个体仍可能被病毒感染但令人感到欣慰的是已经接种两剂现有疫苗的人群对病毒仍拥有较高的免疫力侨报新闻速递网页链接
4652693660370877,全球最大养老基金有望创记录得益于全球股市在疫情后的反弹全球最大的养老基金在年月日公布年报时或将公布其年全年回报率达到创纪录水平据彭博新闻社年月日报道摩根士丹利证券驻东京机构股票部门执行董事岩尾洋平表示在截至月的个月中日本年金积立金管理运用独立行政法人的投资总回报率可能达到这将是于年开始管理日本养老金储备以来的最高回报率连续第四个季度的增长将推动的资产打破之前创下的万亿日元约合万亿元的纪录最大贡献者可能是海外股票的回报其次是日本股市截至年底持有万亿日元约合万亿元的国内股票约占整个市场的岩尾洋平的计算包括养老金储备和养老金特别账户的回报后者不包括在该基金给出的总体数字中在财年这些数字相差约万亿日元约合亿元自年月由宫园雅敬执掌以来每个季度都取得了正回报从年前三个月全球股市暴跌造成的万亿日元约合万亿元创纪录亏损中继续复苏发达市场指数上一财年上涨日本基准的东证指数反弹的业绩报告预计将包括其投资组合中的股票和其他资产清单宫园雅敬的致辞及其投资前景的细节该基金的理事长将在业绩公布后举行记者会
4652605654959996,加强疫情防控云南在行动月日时至时云南新增境外输入确诊病例例境外陆路输入无症状感染者例月日时至时我省无新增本土确诊病例和无症状感染者新增境外输入确诊病例例其中陆路输入例航空输入例均为中国籍缅甸输入新增境外陆路输入无症状感染者例为中国籍
4652697293426996,冠状病毒打疫苗为何会发烧手痛三分钟带你看懂背后原理不少人在接种冠状病毒疫苗后都出现手臂酸痛的症状也有些人出现发烧疲惫等症状视界新闻带你了解我们的身体为何会对疫苗出现这些反应网页链接全球疫情新加坡疫情不要错过每天的即时新闻点击加入我们的频道网页链接
4652697259345297,陕西人民艺术剧院陕西人民艺术剧院话剧白鹿原封箱年初因疫情延期到现在赶着北京站最后一场好在没有退票白鹿原口碑能在今年全国各个话剧演出里排前三了今年北京确实没啥能看的剧只期待月份的人艺茶馆白鹿原封箱了估计这个卡最近几年都不会排了吧也许下次复排也不会是这班演员了北京北京天桥艺术中心
4652697096292155,疫情快快好心情快快好快一点回家小刘不吃榴莲的微博视频
4652458649066490,泰国国防部紧急召开会议下令封锁管控各高风险工地泰国社会头条泰国疫情泰国头条新闻社讯据泰媒报道月日泰国国防部发言人透露国防部副部长猜差将军和国防部常务秘书纳特将军与泰国内部安全行动指挥部召开了紧急视频会议商讨如何帮助政府控制当下疫情蔓延的风险泰国国防部发言人表示现在相关部门已经安排组织人员驻扎在被下令关闭的各工人营地和施工场地因为我们认为如果不马上采取措施封锁工地工人将会离开这些地方这会给我们带来更加严重的后果所以我们要提前部署好部队驻扎并封锁这些工地至于具体的实施措施我们将在月日公布此外泰国国防部发言人还补充道我们会根据每个府的情况主动进行筛查检测不会关闭所有场所如果发现该地区的感染风险超过那么该地区将会被列为高风险区并进行管控如果检测感染风险低于可能将不会全部关闭来源编译粥粥
4652696466361470,想去海边夏日入侵企画音乐为什么喜欢夏日因为少年可以赤裸奔向海边不畏明日会如何只要尽全力哪怕不喜欢了可以从头再来我真的很感动很感动今年已经是喜欢夏日入侵的第三年年去年一整年因为疫情有些消极每天都在循环这个乐队还去看了现场所以今天前奏响起我就哭了团队真的牛逼夸不出再精美的词汇了我真的很激动很感动以后每个夏日都要去海边报道我们也会找到和自己竭尽全力奔跑在海平线的人最后推荐夏日入侵企画每首歌都值得反复循环
4652695741271237,不是我的觉悟不行不想投入一线抗疫而是希望广州疫情快点结束再也不需要我们广州青年志愿者支援抗疫一线逾十万人次广州加油广州粤溪村天德花苑
4652666694667676,骄傲月消除误解和歧视每年的月是骄傲月每一年我们都要说每个人都有可能感染跟性取向无关坚持服药可以达到病毒检测不到的水平检测不到不会传染每一种爱都应该被尊用对于群体的歧视和误解只会阻碍艾滋病疫情的防控更加包容的社会更有利于疫情的防控在最新通过全球艾滋病防治政治宣言中各国承诺努力实现对艾滋病毒感染者易感染者和受影响者零污名化与零歧视的愿景利用检测不到不传染等倡议的潜力确保到年遭受污名化与歧视的人低于确保最高级别的政治领导以消除一切形式艾滋病毒相关污名化与歧视包括通过全政府全社会和多部门应对行动促进加强政策一致性和协调行动确保所有服务的设计和提供不存在污名化与歧视充分尊重隐私权保密权和知情同意权联合国艾滋病规划署会和各国政府社区组织等密切合作确保政治宣言的落实实现年终结艾滋病的目标
4652666161991748,世界黄金协会最新公布的数据显示年全球黄金产量达吨亿盎司连续第二年小幅下滑此前黄金产量持续多年增长此外世界黄金协会还披露了最新的全球前十大黄金生产国排名中国依然是全球最大的黄金生产国和消费国除了疫情这一明显因素勘探预算稳步萎缩也是去年黄金产量下滑的一大原因这不禁引发人们的疑问黄金产量的峰值是否已经到来容易开采的金矿已经被相继采掘规模达数百万盎司的超级黄金矿床的发现速度也大不如前就拿南非来说该国曾是全球黄金产量最大的国家年的产量超过吨但此后快速下滑去年甚至跌出了全球前十大黄金生产国的行列来源矿业投资圈新一轮的黄金矿产资源枯竭老化来临而美元还在不停得印
4652695510845283,骄阳似火的月我们的伙伴为了配合市民接种疫苗在广州市多个接种点服务引导前来接种疫苗的市民完善接种前的准备和接种后的观察为参与防控疫情付出的朋友点赞广州广州市天河体育中心游泳馆
4652664988107006,台湾疫情台名嘴怀疑大陆隐匿疫情這是在說灣灣那麼多確診都沒有做普篩嘛汗香港胡迪警長的微博视频
4652615504496978,年月日作为宏远男篮球员代表曾繁日赵睿以实际行动致敬东莞疫情防控一线工作人员东莞王晨征的微博视频
4652476509193220,林墨你真的很棒上戏改考试内容转线上文化课笔试时间后延疫情期间一个人在家自学也没有老师你真的很棒泪
4652669593191410,今天送了森哥师兄师姐们都离开学校了逃脱了老师的魔抓各自奔向远方了哈哈哈哈哈这算是我第一次经历毕业分别吧本科因为疫情都没有好好告别今天就没忍住哭出来了上次聚餐我看到新建了个研一研二群研三师兄师姐都不在群里我就差点泪奔泪点太低了在饭桌上跟辉哥视频我也差点泪奔每次听师兄们耐心的嘱咐的时候我都很想哭觉得以后没有人再教你这些了可能一别就再也没机会见面了悲伤昨天晚上唱歌唱着唱着我就顶不住了自己跑去外面擦了擦泪悲伤我可太矫情了保定华北电力大学
4652690288151831,华农两届毕业生同框毕业武汉这一刻两届同框位给你年疫情背景下很多毕业生只能云毕业今年华中农业大学华中农业大学毕业季邀请届毕业生回校参加毕业典礼并将毕业典礼的位留给了他们毕业生们迎来迟到的拨穗礼再走一遍校园再次感受到这做城市的温柔别样的毕业季主创汪鹃陈静茹胡胜高文举长江日报的微博视频
4652690165990812,因为麻花女士所以认识了麻花女士的周边这位女士是麻花女士的忠粉忠到什么程度凡麻花女士的文字周边女士都搜集起来后来搞个打印成册多页啊花费不菲一下打印了本两个人有每年一次的聚会周边女士说是她们第一次见面的日子会有吃蛋糕和喝红酒的桥段疫情期间周边女士见不到麻花女士写诗给麻花请到我梦里来这段关系持续了四年麻花女士倒是没什么表示挂在嘴边的话是我没有朋友疫情结束周边女士与麻花开始切割开始追捧一位三线男作家给作家办签售租房子让作家当工作室自己其实一直都很拮据每天朋友圈都是关于作家的种种朋友圈的全部是这个作家的名字我应该是看到了饭圈的成长一个饭圈体质的人一个孤独饭圈的粉星历程一个不断给自己造星的人
4652461669748033,俺家大小一致认为柳川的鳗鱼饭最好等疫情过去后一定去吃乖乖为了吃个鳗鱼饭要打国际飞的啊林萍在日本林萍在日本
4652688920284159,夏天你好阿令两周年快乐你们在夏天就在在有阿令的陪伴陪我渡过煎熬的等待录取都时刻年有阿令的陪伴陪我渡过疫情的慌张年有阿令的陪伴陪我渡过每一天以后都青山不改绿水长流的誓言陈情令开播两周年昆明棕树营
4652688791310071,范可新好久没发帖了我毕业啦要离开北京了掌宝爱心两年时间过得太快了仿佛溜进首钢看比赛就是上个礼拜的事儿嘘因为疫情的关系北京小分队任务次数太少了感冒下次见面或许就是冬奥会了一定会回来到现场给我范儿加油的你继续努力训练嗷等你加油范可新范可新
4652493583422146,德尔塔变异毒株致多国疫情反弹国外疫情防控不力病毒呈现多元化变异发展裂开制造业订单回流对中国来说相对是一种利好尽管疫情带来的整体是负面但是放眼全世界来说中国是相对的既得利益者除过能够拿到更多的制造业订单也拖住了国外发展进步的脚步给中国也争取了一定的时间去突破封锁垄断等等这一点不仅仅是制造业高科技行业也是一样就看哪些企业能够把握住机会了
4652693781483210,疫苗失效接近群体免疫的以色列也躲不过不断迭代的变异毒株令全球陷入一片阴霾所有人都在担心现有疫苗会否在变异毒株面前失效以疫苗接种率看已接近群体免疫的以色列刚刚解除室内口罩令不到两周便因疫情反弹恢复禁令而以色列这波疫情也是因为被称为最强新冠病毒变异株的以色列的疫情反弹加重了人们对于疫苗的疑虑面对变异株疫苗失效了吗短短十天以色列人重新在室内戴上口罩此前随着疫苗接种率稳步提升以及疫情的有效控制以色列今年月结束全国性封城并逐步放宽限制措施月上旬逐步恢复国际航班月中旬取消户外戴口罩强制规定月以色列宣布取消大多数疫情限制措施除特定群体人们在室内或室外均无须戴口罩据新华社报道月日以色列卫生部宣布重启口罩令而日当地刚刚官宣解除这一禁令短短十天是什么让疫苗接种率世界第一的以色列如此紧张是连续天超过例的新冠确诊病例是毒株再次引发了当地的新一波疫情日以色列单日新增病例确诊病例例日新增确诊例月中旬时这个数字还维持在个位数不断刷新的数字让以色列总理贝内特日不得不宣布新冠疫情已在该国重新暴发贝内特表示作为新预防措施的一部分以色列或将扩大边境限制并将在本古里安国际机场增设新冠检测设施更多的疫情应对措施将于近日公布据当地媒体报道目前新增病例大多来自以色列某些城市的中小学校以色列卫生部总干事表示大约的新增病例与病毒有关以色列卫生部强烈建议为岁至岁的青少年接种新冠疫苗辉瑞失效单日新增例其中一半人已打疫苗在以色列万人口中约的人已接种两剂辉瑞疫苗以色列的接种率半年以来一直保持全球最高的水平加之的自然感染率全国已在一定程度上实现了群体免疫说以日数据为例当天新增的例新增确诊病例中有至的人已经接种了疫苗他对此表示担忧他的担忧也让人们开始怀疑对变种病毒来说疫苗已经不管用了吗虽然接种疫苗之后依然感染了新冠病毒但指出已经接种过疫苗的人感染后的症状较轻以色列国内主要接种的是辉瑞疫苗路透社报道辉瑞在以色列的医药总监拉帕波特日表示辉瑞疫苗对病毒高度有效不过以色列卫生部官员阿罗衣普雷斯表示以色列仍缺乏足够的数据来深入了解疫苗对病毒的有效性最近发表在柳叶刀上的一项研究显示人体接种新冠疫苗后针对病毒产生的中和抗体滴度有所降低但多国专家认为对付病毒的最好办法仍是迅速普及疫苗接种至少可以预防重症和减少死亡英格兰公共卫生局月发表报告说研究人员分析月日至月日之间的数据发现接种辉瑞疫苗第二剂两周后防止感染病毒后出现症状的有效率仍有如果接种的是英国阿斯利康制药公司的疫苗防止感染病毒后出现症状的有效率也可达欧洲疾控中心主任阿蒙指出初步数据显示只接种了一剂现有疫苗的个体仍可能被病毒感染但令人感到欣慰的是已经接种两剂现有疫苗的人群对病毒仍拥有较高的免疫力侨报新闻速递网页链接
4652693660370877,全球最大养老基金有望创记录得益于全球股市在疫情后的反弹全球最大的养老基金在年月日公布年报时或将公布其年全年回报率达到创纪录水平据彭博新闻社年月日报道摩根士丹利证券驻东京机构股票部门执行董事岩尾洋平表示在截至月的个月中日本年金积立金管理运用独立行政法人的投资总回报率可能达到这将是于年开始管理日本养老金储备以来的最高回报率连续第四个季度的增长将推动的资产打破之前创下的万亿日元约合万亿元的纪录最大贡献者可能是海外股票的回报其次是日本股市截至年底持有万亿日元约合万亿元的国内股票约占整个市场的岩尾洋平的计算包括养老金储备和养老金特别账户的回报后者不包括在该基金给出的总体数字中在财年这些数字相差约万亿日元约合亿元自年月由宫园雅敬执掌以来每个季度都取得了正回报从年前三个月全球股市暴跌造成的万亿日元约合万亿元创纪录亏损中继续复苏发达市场指数上一财年上涨日本基准的东证指数反弹的业绩报告预计将包括其投资组合中的股票和其他资产清单宫园雅敬的致辞及其投资前景的细节该基金的理事长将在业绩公布后举行记者会
4652605654959996,加强疫情防控云南在行动月日时至时云南新增境外输入确诊病例例境外陆路输入无症状感染者例月日时至时我省无新增本土确诊病例和无症状感染者新增境外输入确诊病例例其中陆路输入例航空输入例均为中国籍缅甸输入新增境外陆路输入无症状感染者例为中国籍缅甸输入截至月日时我省现有确诊病例例境外输入例本土例无症状感染者例境外输入均在定点医疗机构隔离治疗和医学观察新增确诊病例信息确诊病例女岁轻型确诊病例男岁轻型确诊病例男岁轻型确诊病例男岁轻型上述人近期居住在缅甸分别于月日从边境陆路入境即按闭环管理要求转送至集中隔离点隔离医学观察月日新冠病毒核酸检测结果均为阳性即用负压救护车转送至定点医院隔离诊治结合流行病学史临床表现和实验室检测结果均诊断为新冠肺炎确诊病例轻型缅甸输入确诊病例男岁普通型近期居住在缅甸月日乘机在昆明机场入境按闭环管理要求转送至指定集中隔离点隔离医学观察月日新冠病毒核酸检测结果为阳性即用负压救护车转送至定点医院隔离诊治结合流行病学史临床表现和实验室检测结果诊断为新冠肺炎确诊病例普通型缅甸输入新增无症状感染者信息无症状感染者男岁近期居住在缅甸月日从边境陆路入境即按闭环管理要求转送至集中隔离点隔离医学观察月日新冠病毒核酸检测结果为阳性即用负压救护车转送至定点医院隔离观察结合流行病学史临床表现和实验室检测结果诊断为新冠肺炎无症状感染者缅甸输入云南省卫生健康委员会
4652693258240388,玩完回来了刚回来的时候在搞志愿以及人比较懒所以今天才写先谢谢阿雾和阿护送的好多礼物好喜欢好喜欢而我只给大家送来了烂话对不起本来打算先去广州食萨莉亚和逛二次元的结果广州疫情搞得特别麻烦最后还是让阿雾来了我家好处是东莞可以随意逛有机会还是要去广州最好来个环珠三角游因为本人是死肥宅所以在见面之前会一直紧张结果搞得大家都在紧张直到阿雾坐过了搞得紧张变成慌张有差吗还好见面之后还比较顺利除了一出地铁站就找不到约的车被无语到了带阿雾在东莞喝了早茶有机会一定要三个人一起喝因为东莞太热了搞得那几天基本上只是出门吃饭此外就是在家里睡觉打游戏阿雾还说因为我们旅游弄得放假明明一直有在口嗨代餐最后一天被我妈强行拉出去看喷泉结果因为赶上疫情都没看到只能随便拍点姛的散步图片去重庆的感觉很奇妙从出发的那天开始就确确实实感觉非常奇幻从起飞的那一刻开始感觉自己开始一场梦境是非常非常美好的梦境也是我将永远怀念的时光在重庆基本上每天都在走上下坡好多说实话好累每天都在努力走到微信运动排行榜第一还有差不多每两天就给我打个电话的疫情防控中心把我整怕了幸好对我很宽容也没出什么事至于吃的喜欢酥肉里面没有花椒就更好了脑花是第一次尝还不错捏以及冰汤圆冰粉凉虾还有辣的豆腐脑很麻但是好吃的钵钵鸡吃的基本上被阿雾照顾着点了微辣所以还能坚持谢谢阿雾明明逛了小吃街却什么也没吃怎么回事因为家里人吃不了辣也没买什么特产就买了个凉虾回去做阿护打牌好厉害把我们阿雾截胡得说不出话吃东西的接受范围也好广甜的咸的辣的酸的都能吃就好强还帮我打了方舟的活动关卡好耶爱您在民宿最后一天还做饭了还白给房东送了油呵呵谢谢两位都没有嫌弃我做的饭西多士好有意思好喜欢有机会再做我的旅途以查成绩为结束很奇妙的感觉正好睡一觉醒来还有两三分钟出成绩整个人也因为查成绩加旅游结束心情很低落还好回去之后又能继续讲烂话了可惜看两位都不怎么拍照就没有三个人合影也没和阿护拍有机会一定不得不提的一点在出发去重庆的前一天我妈还问我要不要算了我很庆幸我能选择去虽然听上去真的很幼稚吧无论如何我不后悔也幸好我选择了去不然待在东莞被疫情防控只能待在家里也没什么意思这是我毕业假期最重要最珍贵的一段时光毕竟当时没有其他的需要考虑的事暂时不需要焦虑其他事只需要想每天吃什么就好了每天也都很开心谢谢我的所有朋友甚至在此之前从来没有想过去哪个城市玩我的毕业也因为疫情结束得仓促没有合影没有毕业典礼甚至都没有留下几个签名最后一个学期也在学校过得浑浑噩噩的说得矫情一点就是比起为了去哪里玩更多的是为了和朋友出去玩甚至在飞机上还在焦虑的一些事情在到达目的地三个人一起的时候就完全忘记了所以整个人都很快乐也很舍不得大家分开很喜欢你们非常非常喜欢你们
4652684685346376,肖战成都美食记下一站长沙下下战就是深圳了好期待肖肖对广东美食的评价感觉拉进了生活的距离抱一抱抱一抱抱一抱啊啊啊疫情赶紧过去吧
4652692976437864,自全面开展新冠肺炎疫苗接种工作以来民乐县统筹部署有序推进新冠疫苗接种工作全力夯实疫情防控基础民乐扎实推进新冠病毒疫苗接种工作
4652692297220149,公公真的太自律了点多起床在房间运动应该是做力量训练之类的点左右吃早饭上午基本上是忙碌种菜打理花花草草和养的鱼这里也是可以和娃完的时间点左右午饭点之前午休点左右就去跑步游泳之类的我们隔离和疫情期间就在家自肃然后休息吃晚饭左右结束一天睡觉笑笑笑笑饮食也很健康平日婆婆做的菜大多是白水煮油分和盐分都很少周末一家人会出去饮茶以前以为是喝茶其实是吃早饭喝茶早上吃到大中午挖鼻具体年龄我记不太清楚好像是了整个人很精神没有弯腰曲背看起来岁的样子手臂甚至还有肌肉线条相比公公作为一个年轻人的我满脑子只有火锅冒菜水煮鱼骷髅裂开裂开图是娃子和爷爷玩泡泡机
4652691852361928,通知丨月起宁夏可继续接种新冠疫苗第一针和第二针通知丨月起宁夏可继续接种新冠疫苗第一针和第二针月日记者从自治区应对新冠肺炎疫情工作指挥部了解到截至当天全区累计接种新冠病毒疫苗万剂次其中完成第一剂次接种万人完成第二剂次接种达到万人接种新冠疫苗构建群体免疫屏障是阻断新冠病毒传播保障全民健康的核心举措按照自治区党委政府部署要求在自治区新冠病毒疫苗接种工作领导小组的组织下依照应接尽接梯次推进突出重点保障安全的原则全区构建起区市县乡村五级疫苗接种工作网络紧密结合党史学习教育把保障疫苗接种工作作为我为群众办实事重要内容多措并举保障疫苗供应精细管理精准调度统一组织统一行动按时保质安全有序完成疫苗接种任务全力保障人民群众生命健康安全同时宁夏通过在原有接种单位增设接种台扩容在二级以上医疗机构新增设接种点设立临时方舱接种点建立巡回接种点等方式提高接种服务能力各地还加大人员培训力度增加人员储备确保能够满足大规模人群接种需求目前全区指定接种单位有家设置接种单元个投入接种和救治相关人员余名单日最高接种剂次达到万剂根据安排月日前宁夏将继续大规模开展第二剂新冠疫苗接种工作已接种第一针满天的群众可就近进行第二剂次接种月起宁夏将继续开展第一针和第二针接种工作
4652478110374603,今天是个好日子本来今天应该举行的毕业典礼因为疫情取消了但是今天广州刚好所有中高风险地区全部调为低风险拜托室友帮我办完了所有的毕业手续系统也在今天告诉我我已离校点赞了一天的朋友圈存了很多本来想合照的朋友的照片虽然还是很遗憾没来得及跟很多老师和朋友告别但是也带着满满的祝福从今天开始就算是真正意义上的毕业了要带着过去的美好回忆努力向新生活出发啦加油
4652683845699043,毕业季去年因为疫情家里蹲网课从来不知道师大的毕业季这么好哭到现在为止参加了两次谢师宴了明年就轮到自己了当老师说起入学前的一件小事遗憾我不打算继续读博的时候心里早就破防了泪以前只是吐槽导师的严厉现在每一天都在庆幸自己选了一个三观正有学术追求并且由于有个年龄相仿的女儿而对我们格外尊重何理解的导师泪
4652613381915759,愿以此功德庄严佛净土上报四重恩下济三途苦若有见闻者悉发菩提心尽此一报身同生极乐国回向全球疫情早日结束往生者蒙阿弥陀佛加持业障消除善根福德增长无碍往生西方极乐世界南无华严会上佛菩萨顶礼龙树菩萨顶礼法藏大师华严义海金师子章云间类解略释
4652478165944300,赵睿广东宏远为了表达对于疫情防控工作人员的由衷敬意今日中午宏远俱乐部党支部前往南城街道新冠疫苗大型临时接种点看望慰问医务人员作为宏远男篮球员代表党员曾繁日入党积极分子赵睿为志愿者医务人员送上简餐食品及消暑饮品用实际行动为打赢疫情防控攻坚战疫苗接种攻坚战贡献力量来源东莞头号喵黑的微博视频
4652681992341581,武汉您好根据新冠病毒疫苗接种技术指南第一版要求您现在应完成第二剂次新冠病毒疫苗接种为保证获得较好免疫效果请您尽快与社区或原接种单位预约请于月日前完成第二剂次接种如已完成请忽略湖北省新冠肺炎疫情防控指挥部办公室
4652681829025991,微博很少有人认识我的感觉太好了舔屏疫情快快结束吧好想出去玩舔屏舔屏
4652664846025639,乐队一夏月日瑞典速度金属重金属乐队发表了新单曲发布他们的地下之王欧洲巡演推迟至年月日至日全球疫情导致演出和音乐节取消或推迟金属乐界的微博视频
4652680859881051,金圣圭退伍之后正好赶上疫情接的综艺没有水花被停播年底发新专辑前开了线上演唱会还贩售了年末过年后闹出解约风波失业三个月后终于签约新公司开心地说以后可以按照自己的心意去活动了接了新的综艺准备出演音乐剧结果被确诊新冠泪我哥哥的运气还能更差么退伍后的人生已经这么不顺了之后的人生会好起来的吧泪
4652642477543136,打打打昨晚上的视频连线虽然和弟弟已经有一年多的时间没有在现场见过了但是还是被你认出来了太开心太开心太开心太开心希望新冠疫情快快结束我们就可以在中泰两国见面了你要加油哦我会永远支持你鲜花鲜花鲜花鲜花的微博视频
4652636672361828,粤港有望下月实现有限通关除了对广东的本地疫情作出最新研判外钟南山判断了香港与内地的通关时间他表示预计内地与香港恢复通关会比较快因为最近香港没有出现社区传播疫情控制得比较好预计应该在月份能够有限通关粵港有望下月實現有限通關
4652685679132943,华晨宇海选八周年快乐鲜花华晨宇火星演唱会演唱会暂停在了六年了你们不腻呀怎么会腻呢我生病了你是一辈子的药呀泪泪疫情阻断了一年一度鹊桥相会却阻断不了我们对你的思念对你的爱宝儿海选八周年快乐呀好好处理家事好好休息乖乖等你带我们回家可怜可怜华晨宇华晨宇火星红综艺小酱君的微博视频
4652685045272164,石龙多方联动为中考保驾护航助力考生乘风破浪试不可挡为抓好考试管理和疫情防控工作全力做好各项中考服务保障工作确保考试安全顺利月日石龙镇委书记陈庆松在中考前夕带队到石龙二中石龙三中两考点实地检查考前准备工作镇委副书记镇长李亚鹏镇人大主席候选人陈细钿镇委委员公安分局局长杨旭以及相关部门负责人参加检查石龙多方联动为中考保驾护航助力考生乘风破浪试不可挡
4652684974231479,长春师范大学专升本考生吐嘈粉丝投稿现在不仅仅是学生委屈问题就是虚假招生欺负我们小教学前一堆女生我们无路可走真的不明白为什么一定是我们被任意摆布为什么我们不满意条件就得退学为什么拿疫情原因来说校区问题我们辛苦考上就得到这些吗
4652684973969696,东南亚人口大国印尼疫情大爆发月日印尼新增万起确诊病例累计万起破万起这是印尼自疫情发生以来的日增病例历史新高也是连续十天日增万起以上本次病例剧增主要是两个因素一个是上个月开斋节大量人潮跨地区流动另一个是德尔塔病毒株的传播为了遏制病毒传播本周和下周印尼在全国个红点地区采取限制措施暂停宗教活动餐馆咖啡座商场等减员至控制人潮印尼近日死亡病例也大幅上升昨增起新增死亡病例累计万起印尼新冠确诊病例和死亡病例人数皆为东南亚最高
4652684169186464,北京师范大学毕业典礼泪北师大毕业典礼穿学士服蹦迪看到朋友圈师弟师妹们发的现场视频在家大哭一场就觉得上天对我们太不公平了真的好委屈就这样什么都没有经历的离开学校进了社会连知道大学毕业典礼长什么样子都是要蹭别人的为什么疫情时代偏偏是赶上我们本来今天也可以回去和师弟师妹们一起毕业又因为广东疫情反复北京形势紧要取消了满腔期待化为乌有我真的恨透了疫情泪泪泪
4652478110374603,今天是个好日子本来今天应该举行的毕业典礼因为疫情取消了但是今天广州刚好所有中高风险地区全部调为低风险拜托室友帮我办完了所有的毕业手续系统也在今天告诉我我已离校点赞了一天的朋友圈存了很多本来想合照的朋友的照片虽然还是很遗憾没来得及跟很多老师和朋友告别但是也带着满满的祝福从今天开始就算是真正意义上的毕业了要带着过去的美好回忆努力向新生活出发啦加油
4652683845699043,毕业季去年因为疫情家里蹲网课从来不知道师大的毕业季这么好哭到现在为止参加了两次谢师宴了明年就轮到自己了当老师说起入学前的一件小事遗憾我不打算继续读博的时候心里早就破防了泪以前只是吐槽导师的严厉现在每一天都在庆幸自己选了一个三观正有学术追求并且由于有个年龄相仿的女儿而对我们格外尊重何理解的导师泪
4652478165944300,赵睿广东宏远为了表达对于疫情防控工作人员的由衷敬意今日中午宏远俱乐部党支部前往南城街道新冠疫苗大型临时接种点看望慰问医务人员作为宏远男篮球员代表党员曾繁日入党积极分子赵睿为志愿者医务人员送上简餐食品及消暑饮品用实际行动为打赢疫情防控攻坚战疫苗接种攻坚战贡献力量来源东莞头号喵黑的微博视频
4652681992341581,武汉您好根据新冠病毒疫苗接种技术指南第一版要求您现在应完成第二剂次新冠病毒疫苗接种为保证获得较好免疫效果请您尽快与社区或原接种单位预约请于月日前完成第二剂次接种如已完成请忽略湖北省新冠肺炎疫情防控指挥部办公室
4652681829025991,微博很少有人认识我的感觉太好了舔屏疫情快快结束吧好想出去玩舔屏舔屏
4652677676401301,大狠招太厉害港媒预言民进党支持度将在此时回升台湾疫情本土疫情月起不断升温民进党疫苗政策遭各界挞伐港媒评论指出近来美日捐赠台湾疫苗让民进党人士重新掌握网路风向将原本打新北市市长侯友宜的力道转移到声势飙涨的台北市市长柯文哲更强力抹红国民党让在野党难以施展监督力道在打侯黑柯抹红国民党三大狠招下若每日确诊人数维持两位数以下且疫苗不断进来民进党支持度将会回升如今种种疏失也将被遗忘
4652677424744439,泰国星暹新闻北大年府感染人数急增停车场被临时改造为方舱医院北大年府疫情管理中心透露由于受到工厂集群感染的影响北大年府每天仍有一百多例的新增病例今天又新增例目前北大年府医院和方舱医院只有一百多张空床位如果病患人数每天还在增加的话患者必须被分配到社区医院因此北大年府已加快方舱医院的扩建目前已搭建顶大帐篷并在帐篷内安装摄像头和生活设施最多可容纳名病人除此之外在中央体育场也在扩建方舱医院增加了张床位并把教育办公室对面的沙巴朗分区路的公共停车场改建为方舱医院这是一座层高的停车场大楼设有厕所电梯闭路电视火灾探测系统灭火系统等设施计划可容纳名病人预计到月初整个府将拥有张床位来应对新冠疫情的蔓延编译小自来源
4652677424743686,加州或将延长禁止驱逐租客令加州州长纽森本周表示加州将为租客偿还因疫情逾期的所有租金并讨论在月日后是否延长保护租客的禁止驱逐令这项为防止租客在疫情期间因无法支付房租问题被驱逐而制定的禁令本是一项与疫情有关暂时性的的政策但事实证明很难撤销州长纽森本周表示将用亿美元的联邦资金来支付所有租客的逾期房租早前他宣布将为那些受疫情影响有资格获援助的租户偿还拖欠房东的租金来自加州住房和社区发展部的报告显示截至月日总计亿美元的租房援助申请中只有万美元得到了支付租房援助计划进展缓慢洛杉矶县官员认为从月开始就让在疫情中挣扎的人们开始支付房租为时过早已通过投票决定将禁驱令延长至月日凤凰卫视杨平俊李占清洛杉矶报道
4652677231805999,中国邮政广东邮政广东邮政我服了月号从重庆寄出号到广州到现在一直没动半个月没动你们邮政是帮忙抗疫去了吗还是仗着是国企打着疫情的幌子偷懒去了对得起建党周年这个大日子吗
4652676858776732,点赞身边他们关注蓟州资讯建党一百周年为庆祝中国共产党成立周年弘扬全区各级党组织和广大党员干部群众在疫情防控脱贫攻坚乡村振兴和全面建成小康社会过程中担当作为敬业奉献的良好精神面貌月日上午我区举办时代新人说永远跟党走庆祝中国共产党成立周年暨蓟州区我赞身边党员演讲比赛点赞身边他们
content,id
content,id
content,id
